round,domain,item,delta_mean,delta_sd,HDI_lower,HDI_upper,sig,direction,grade,actual_dif
7,어휘문법,1,-0.06648876417353625,0.11958601044518323,-0.30586702,0.15882615,False,-,A(무시),N
7,어휘문법,2,0.2868596552421237,0.11037876715910613,0.067128186,0.5000754,True,남유리,C(큰),Y
7,어휘문법,3,-0.06912149422626425,0.10272432798164638,-0.27026141,0.12821093,False,-,A(무시),N
7,어휘문법,4,-0.30407533660719627,0.11302741216949717,-0.52487843,-0.086879369,True,여유리,C(큰),Y
7,어휘문법,5,0.167985889064504,0.10344355926215397,-0.036824128,0.36668549,False,-,A(무시),Y
7,어휘문법,6,0.1409804605370394,0.12570822634668102,-0.10142566,0.38665935,False,-,A(무시),N
7,어휘문법,7,0.04340741526834637,0.11287391109782031,-0.18947704,0.25060338,False,-,A(무시),N
7,어휘문법,8,0.016697132973841854,0.11343724357746095,-0.20840519,0.22977654,False,-,A(무시),N
7,어휘문법,9,-0.001762502046127125,0.10900595752212228,-0.22473687,0.19718618,False,-,A(무시),N
7,어휘문법,10,-0.17732800644252245,0.10644805785637261,-0.38388377,0.028109451,False,-,A(무시),Y
7,어휘문법,11,0.19381616798237125,0.09805710759311607,0.00086736626,0.37824768,True,남유리,C(큰),Y
7,어휘문법,12,0.12282389601885055,0.13533152682273852,-0.14235973,0.38703611,False,-,A(무시),N
7,어휘문법,13,0.09004095206286623,0.11213319185920319,-0.13807245,0.29685336,False,-,A(무시),N
7,어휘문법,14,-0.1305944135291004,0.11523747429237617,-0.36426478,0.083236164,False,-,A(무시),N
7,어휘문법,15,-0.1471209028775501,0.1159330286435354,-0.36688009,0.08350692,False,-,A(무시),Y
7,어휘문법,16,0.3056857580645512,0.10959190384012754,0.092251377,0.52165129,True,남유리,C(큰),Y
7,어휘문법,17,0.168588517209175,0.1353152361126004,-0.095172179,0.43035441,False,-,A(무시),Y
7,어휘문법,18,-0.0033489155166072366,0.1002909373134628,-0.19674305,0.19047007,False,-,A(무시),N
7,어휘문법,19,-0.0857960087708665,0.12271075522296947,-0.32999556,0.1465226,False,-,A(무시),N
7,어휘문법,20,0.07004318469865313,0.1271023672081716,-0.1772797,0.31463768,False,-,A(무시),N
7,어휘문법,21,-0.503461301741,0.10899014935565669,-0.71305262,-0.29427133,True,여유리,C(큰),Y
7,어휘문법,22,-0.024686990665799626,0.10807718185157651,-0.23842995,0.17720601,False,-,A(무시),N
7,어휘문법,23,-0.07671884660837751,0.10483586170225051,-0.27825238,0.12436338,False,-,A(무시),N
7,어휘문법,24,0.06806813586275913,0.13138999313081243,-0.18836626,0.32802028,False,-,A(무시),N
7,어휘문법,25,0.06326087589706338,0.12817293601943042,-0.19383745,0.30343434,False,-,A(무시),N
7,어휘문법,26,0.026266470117909682,0.12736571221539372,-0.22311426,0.27106329,False,-,A(무시),N
7,어휘문법,27,-0.587908501692,0.13753979748815884,-0.86057464,-0.32697414,True,여유리,C(큰),Y
7,어휘문법,28,-0.009982284918497002,0.10169155489115243,-0.21427405,0.18301292,False,-,A(무시),N
7,어휘문법,29,0.075895354198391,0.11223853707394216,-0.15047914,0.28866912,False,-,A(무시),N
7,어휘문법,30,-0.04573392008404576,0.1027040367944556,-0.24304571,0.15250641,False,-,A(무시),N
7,쓰기,1,-0.1308038758058575,0.10800031485572509,-0.35193419,0.075533614,False,-,A(무시),N
7,쓰기,2,0.01122548002654025,0.10785463546672434,-0.20928949,0.22576002,False,-,A(무시),N
7,쓰기,3,0.06549031128300925,0.11668798498211146,-0.173072,0.29038576,False,-,A(무시),N
7,쓰기,4,-0.057757088308977245,0.10995486386534392,-0.28241699,0.15847638,False,-,A(무시),N
7,쓰기,5,-0.07517539082126512,0.1215350653316927,-0.32796126,0.15568416,False,-,A(무시),N
7,쓰기,6,0.07446871384863887,0.11403611449972068,-0.15409269,0.30110942,False,-,A(무시),Y
7,쓰기,7,0.0491092132623482,0.1060184986609326,-0.15988154,0.2620586,False,-,A(무시),N
7,쓰기,8,-0.031369616599143814,0.11692276780886286,-0.2561789,0.20629629,False,-,A(무시),N
7,쓰기,9,-0.054897519919421,0.13221976473354724,-0.31279602,0.21057173,False,-,A(무시),N
7,쓰기,10,0.18129032013660665,0.13291817253499513,-0.093600199,0.4257229,False,-,A(무시),Y
7,쓰기,11,-0.13797669555637251,0.10959446208216544,-0.37104979,0.064107094,False,-,A(무시),Y
7,쓰기,12,0.008141342682583503,0.10773698193884064,-0.21461626,0.21365728,False,-,A(무시),N
7,쓰기,13,0.07102322078098175,0.1073721803903943,-0.15205289,0.27798229,False,-,A(무시),N
7,쓰기,14,0.20335660676353523,0.10959189130805938,-0.03166555,0.40882745,False,-,A(무시),Y
7,쓰기,15,-0.005200225326806626,0.11726201744126973,-0.23885556,0.22486901,False,-,A(무시),N
7,쓰기,16,-0.04741013908931988,0.12614045579023636,-0.30173346,0.19801551,False,-,A(무시),N
7,쓰기,17,-0.03668842847209768,0.11187411859572359,-0.25656441,0.18446539,False,-,A(무시),N
7,쓰기,18,-0.07624516647307962,0.11682801775394619,-0.31945402,0.14097668,False,-,A(무시),N
7,쓰기,19,-0.008188225430466864,0.10682480878200441,-0.21704728,0.20582048,False,-,A(무시),N
7,쓰기,20,-0.04932515676253149,0.10725323426273814,-0.27289011,0.16112589,False,-,A(무시),N
7,쓰기,21,0.0281395037369295,0.11222607263726614,-0.20066176,0.24295541,False,-,A(무시),N
7,쓰기,22,0.019691618113340626,0.11125092899378944,-0.19828954,0.24478718,False,-,A(무시),N
7,쓰기,23,-0.015266021523378498,0.10886606087757833,-0.2379415,0.19199184,False,-,A(무시),N
7,쓰기,24,-0.1007327900457285,0.11988698198114217,-0.33139943,0.14419704,False,-,A(무시),N
7,쓰기,25,0.04064227767529302,0.10426244255062005,-0.16823766,0.24864098,False,-,A(무시),N
7,쓰기,26,0.006550909133561752,0.10582137639038738,-0.21409419,0.2108931,False,-,A(무시),N
7,쓰기,27,0.020473874993696375,0.11387060757015623,-0.21900943,0.22901661,False,-,A(무시),N
7,쓰기,28,-0.02821807964002812,0.1099791442750085,-0.24496553,0.19511282,False,-,A(무시),N
7,쓰기,29,-0.19663890973830608,0.11785750626815172,-0.43036861,0.03156225,False,-,A(무시),Y
7,쓰기,30,0.04502404518277338,0.1426306186710531,-0.23948304,0.31894553,False,-,A(무시),N
7,듣기,1,-0.13425957713308548,0.12018808548518632,-0.35905331,0.11117459,False,-,A(무시),Y
7,듣기,2,-0.04031260493925042,0.10579045795646311,-0.24850132,0.15732862,False,-,A(무시),N
7,듣기,3,0.020998184271184796,0.10764274464288669,-0.18698421,0.22792733,False,-,A(무시),N
7,듣기,4,-0.19643431192726024,0.11700964422965635,-0.42017996,0.026741578,False,-,A(무시),Y
7,듣기,5,-0.024165909459688977,0.11869080128634636,-0.25479613,0.20476161,False,-,A(무시),N
7,듣기,6,0.1333967829653675,0.11456898479598934,-0.07994782,0.35767858,False,-,A(무시),N
7,듣기,7,-0.007229598355286124,0.11084282750991209,-0.22591493,0.19759741,False,-,A(무시),N
7,듣기,8,0.042645924653050886,0.10838240815834956,-0.16289657,0.25244239,False,-,A(무시),N
7,듣기,9,0.0012712021228937509,0.10849447320888238,-0.20975467,0.20502922,False,-,A(무시),N
7,듣기,10,0.04904389464484213,0.10095738688998715,-0.14948286,0.2335959,False,-,A(무시),N
7,듣기,11,0.04139893652359975,0.11568733965126234,-0.18232446,0.26221945,False,-,A(무시),N
7,듣기,12,-0.1729588036017169,0.11129143749277519,-0.4001789,0.034462223,False,-,A(무시),Y
7,듣기,13,-0.048550223256056624,0.1071543046779004,-0.25953642,0.14970418,False,-,A(무시),N
7,듣기,14,0.14467253594789,0.10643163181628265,-0.064891049,0.33905718,False,-,A(무시),N
7,듣기,15,0.05739657000195233,0.10396980129493245,-0.13968992,0.25839054,False,-,A(무시),N
7,듣기,16,0.008031964102727376,0.10129222684933607,-0.19456095,0.18902053,False,-,A(무시),N
7,듣기,17,0.04453637243753212,0.10028567252856009,-0.15681782,0.22607624,False,-,A(무시),N
7,듣기,18,0.014052221684282374,0.11319699754658401,-0.20116198,0.23591382,False,-,A(무시),N
7,듣기,19,0.05699130666196088,0.1047046897109487,-0.14657357,0.24845981,False,-,A(무시),N
7,듣기,20,0.03635355952338675,0.10629884741627173,-0.16973057,0.23639852,False,-,A(무시),N
7,듣기,21,-0.017973702074085374,0.11216556315552426,-0.2310782,0.20324049,False,-,A(무시),Y
7,듣기,22,-0.092253365558236,0.11201067581300651,-0.30324765,0.13096871,False,-,A(무시),Y
7,듣기,23,-0.19264086226977156,0.12347517293612613,-0.42426553,0.051393222,False,-,A(무시),Y
7,듣기,24,-0.014005844774974996,0.10679170169388864,-0.21908108,0.184262,False,-,A(무시),N
7,듣기,25,0.07257900460838161,0.11052028078561844,-0.14864892,0.27447219,False,-,A(무시),N
7,듣기,26,0.20882776216558124,0.11086040846927131,-0.012490701,0.41196964,False,-,A(무시),Y
7,듣기,27,-0.23956191292123374,0.1089807840437007,-0.4528401,-0.033779818,True,여유리,C(큰),Y
7,듣기,28,-0.021664947851042116,0.11089871025533315,-0.23940868,0.18671123,False,-,A(무시),N
7,듣기,29,0.028191576560853984,0.10486889168360881,-0.17519649,0.22478196,False,-,A(무시),N
7,듣기,30,-0.0073357598280203735,0.10569054058455359,-0.20160306,0.19630699,False,-,A(무시),N
7,읽기,1,0.21915900573535574,0.10552805321437803,0.0065048317,0.42437056,True,남유리,C(큰),Y
7,읽기,2,-0.06502467346736988,0.09924541836173761,-0.25716418,0.13683962,False,-,A(무시),Y
7,읽기,3,-0.025839730967389,0.11745525223741309,-0.26410475,0.19977086,False,-,A(무시),Y
7,읽기,4,-0.045156373132228006,0.11312388570443607,-0.27025546,0.17659507,False,-,A(무시),N
7,읽기,5,0.17686118539226311,0.1003154007904237,-0.015054933,0.3827047,False,-,A(무시),Y
7,읽기,6,-0.08245382677331588,0.11219382980502117,-0.29604147,0.14226521,False,-,A(무시),N
7,읽기,7,-0.012004667075769521,0.10304766642759754,-0.21125685,0.19413785,False,-,A(무시),N
7,읽기,8,-0.07946767082023662,0.10548061123777641,-0.28544315,0.12558179,False,-,A(무시),N
7,읽기,9,0.026223283222511124,0.1081288038947916,-0.18735427,0.24347473,False,-,A(무시),N
7,읽기,10,-0.008795372642756748,0.10449942333167592,-0.21071501,0.20227439,False,-,A(무시),N
7,읽기,11,-0.0108551059733819,0.10685289725784991,-0.22890889,0.19465643,False,-,A(무시),N
7,읽기,12,-0.06304187611139175,0.10844800134364582,-0.25802849,0.16383746,False,-,A(무시),N
7,읽기,13,0.3189216580463938,0.10722304149718405,0.10330737,0.53258919,True,남유리,C(큰),Y
7,읽기,14,-0.05868299396474703,0.11160762789545155,-0.27636086,0.1631874,False,-,A(무시),N
7,읽기,15,-0.12341155720546075,0.11264201409492604,-0.34281105,0.10127158,False,-,A(무시),N
7,읽기,16,-0.03997538615102125,0.10618604184671854,-0.25478697,0.15894492,False,-,A(무시),N
7,읽기,17,-0.03055918816778673,0.10614380780845112,-0.23748585,0.18122853,False,-,A(무시),N
7,읽기,18,-0.041453709492489124,0.10127340539217547,-0.2323294,0.16717011,False,-,A(무시),N
7,읽기,19,-0.1432398832598355,0.10310568494870169,-0.34346649,0.062811856,False,-,A(무시),Y
7,읽기,20,-0.04318287672478962,0.10509603283358303,-0.23941734,0.17390431,False,-,A(무시),N
7,읽기,21,0.01435266968635776,0.11436360294925545,-0.20375249,0.24690187,False,-,A(무시),N
7,읽기,22,0.008464422726990037,0.1066851815026411,-0.20530516,0.21526168,False,-,A(무시),Y
7,읽기,23,0.1531268046288414,0.11790497615584279,-0.076914619,0.38225773,False,-,A(무시),Y
7,읽기,24,0.0529463708122705,0.10328775556711374,-0.14229255,0.26502599,False,-,A(무시),N
7,읽기,25,-0.1862692804568,0.10457315108793847,-0.39848571,0.014241878,False,-,A(무시),Y
7,읽기,26,-0.06747386291067675,0.10585536163987802,-0.26702354,0.15063348,False,-,A(무시),N
7,읽기,27,0.02228029172998095,0.10480645998105992,-0.19028254,0.22428772,False,-,A(무시),N
7,읽기,28,0.09312656622170064,0.11520094794662365,-0.12364147,0.32529914,False,-,A(무시),N
7,읽기,29,0.06310058022088175,0.10037687652958885,-0.12916042,0.26942649,False,-,A(무시),N
7,읽기,30,-0.029980564064932522,0.10455142249233584,-0.22886611,0.18139435,False,-,A(무시),N
8,어휘문법,1,0.21842009527948,0.12495185286855381,-0.03014943,0.4595159,False,-,A(무시),Y
8,어휘문법,2,-0.054686691286134376,0.11025023017849837,-0.26638353,0.1597541,False,-,A(무시),N
8,어휘문법,3,0.03911431311759883,0.11128560070208914,-0.16751097,0.27034448,False,-,A(무시),Y
8,어휘문법,4,0.1390092795019488,0.10771897183324002,-0.068472081,0.3563528,False,-,A(무시),Y
8,어휘문법,5,0.12360648763814325,0.10218469750451586,-0.071276485,0.3288006,False,-,A(무시),Y
8,어휘문법,6,0.0981258350110065,0.11428367768669999,-0.13258523,0.30853999,False,-,A(무시),N
8,어휘문법,7,-0.020875344521184,0.10091801700199077,-0.2216942,0.17073487,False,-,A(무시),N
8,어휘문법,8,0.0075078798333096265,0.11352809910928409,-0.20788848,0.23687261,False,-,A(무시),N
8,어휘문법,9,0.034582827945659825,0.11089129744988828,-0.17279695,0.26519427,False,-,A(무시),N
8,어휘문법,10,0.09073608863054543,0.11682322571415607,-0.12875744,0.32928778,False,-,A(무시),N
8,어휘문법,11,0.10881835075951513,0.10919314186413855,-0.10378638,0.32565502,False,-,A(무시),N
8,어휘문법,12,0.18219788712950485,0.1135872395904567,-0.034012715,0.40772615,False,-,A(무시),Y
8,어휘문법,13,0.009716480334460648,0.10359207449536806,-0.1911344,0.21094039,False,-,A(무시),N
8,어휘문법,14,0.0732639176259614,0.10944704363786216,-0.13962003,0.28602364,False,-,A(무시),Y
8,어휘문법,15,-0.02124299739259802,0.10591429100461228,-0.21630382,0.19746485,False,-,A(무시),N
8,어휘문법,16,-0.27280597689839153,0.12180924182043998,-0.50137214,-0.027102314,True,여유리,C(큰),Y
8,어휘문법,17,-0.03396625305231625,0.1124060410734263,-0.24991878,0.18559249,False,-,A(무시),N
8,어휘문법,18,0.011776022959140087,0.10425202651016222,-0.18392391,0.22111345,False,-,A(무시),N
8,어휘문법,19,-0.092564498593357,0.10533129907288921,-0.28076502,0.12697691,False,-,A(무시),N
8,어휘문법,20,0.003994200232177499,0.10803264352293764,-0.20375773,0.21984037,False,-,A(무시),N
8,어휘문법,21,0.0515210578093675,0.10593768789525387,-0.14550843,0.26579491,False,-,A(무시),Y
8,어휘문법,22,-0.15581637686545458,0.12523285525336994,-0.39829582,0.089024446,False,-,A(무시),N
8,어휘문법,23,-0.22324378690736627,0.10842989733463167,-0.42848194,-0.0039026406,True,여유리,C(큰),Y
8,어휘문법,24,-0.0017449040171688744,0.11198758155458519,-0.21584844,0.22699623,False,-,A(무시),N
8,어휘문법,25,-0.03014508186488524,0.10710372911571751,-0.24209369,0.175119,False,-,A(무시),N
8,어휘문법,26,0.13848632463515595,0.10813804764402794,-0.085399802,0.34192998,False,-,A(무시),Y
8,어휘문법,27,-0.05448982083603647,0.12370955806503806,-0.30468112,0.17585792,False,-,A(무시),N
8,어휘문법,28,-0.036694538758461945,0.10434431144015395,-0.23621904,0.16921831,False,-,A(무시),N
8,어휘문법,29,-0.07083902861440138,0.10954503251830965,-0.28163453,0.14198969,False,-,A(무시),N
8,어휘문법,30,0.025540840767067252,0.10656784993085903,-0.16883303,0.2498732,False,-,A(무시),N
8,쓰기,1,0.12319470515678584,0.11278860492535735,-0.094431181,0.34770049,False,-,A(무시),Y
8,쓰기,2,0.002421674051723002,0.1084974784182412,-0.2114051,0.21062335,False,-,A(무시),N
8,쓰기,3,-0.0866319580992091,0.10774220108081912,-0.30142614,0.12377712,False,-,A(무시),Y
8,쓰기,4,-0.05523401919404187,0.12057389936079081,-0.29016202,0.18204348,False,-,A(무시),N
8,쓰기,5,0.10251312040435762,0.10476885316582626,-0.090737985,0.31752982,False,-,A(무시),Y
8,쓰기,6,-0.008569005840875998,0.10664350407987866,-0.22007594,0.19928554,False,-,A(무시),N
8,쓰기,7,-0.23465688773748514,0.10404955848368788,-0.44050851,-0.030809031,True,여유리,C(큰),Y
8,쓰기,8,0.02032160111454875,0.11680437677153513,-0.20690914,0.2423516,False,-,A(무시),N
8,쓰기,9,0.009470509372879122,0.11271780311099662,-0.21879752,0.22245875,False,-,A(무시),N
8,쓰기,10,0.12119876056759812,0.11975986599063086,-0.11147665,0.35820252,False,-,A(무시),Y
8,쓰기,11,0.051618747328727475,0.1033992766037574,-0.16163811,0.24539566,False,-,A(무시),N
8,쓰기,12,-0.014676025763282686,0.10824341104075433,-0.2246225,0.20348228,False,-,A(무시),N
8,쓰기,13,0.06730784977845063,0.10364723161744903,-0.14599877,0.26054182,False,-,A(무시),N
8,쓰기,14,0.015152882265741734,0.12079140516550348,-0.22835198,0.24877163,False,-,A(무시),Y
8,쓰기,15,0.09671637682602299,0.11482676437840005,-0.12950949,0.32103292,False,-,A(무시),N
8,쓰기,16,-0.08387256406212812,0.1242353823772419,-0.32804227,0.15824741,False,-,A(무시),N
8,쓰기,17,0.20557638172971776,0.11292172234491217,-0.015353045,0.43100117,False,-,A(무시),Y
8,쓰기,18,-0.04093524128080082,0.11028649917020543,-0.25043007,0.18104512,False,-,A(무시),N
8,쓰기,19,0.04658475451718225,0.10840801929220174,-0.16161711,0.26115727,False,-,A(무시),N
8,쓰기,20,0.0531568696463085,0.10807944561710928,-0.15759353,0.26846022,False,-,A(무시),N
8,쓰기,21,-0.035208709895758535,0.11486237369446162,-0.26462775,0.1866298,False,-,A(무시),N
8,쓰기,22,0.029915877709844593,0.10391311318333006,-0.17094572,0.23314069,False,-,A(무시),N
8,쓰기,23,-0.055150258710750376,0.10123184816655832,-0.25231268,0.1419115,False,-,A(무시),N
8,쓰기,24,-0.011504293185028372,0.1062943788604732,-0.21030939,0.20460068,False,-,A(무시),N
8,쓰기,25,0.013011754934927374,0.10523918498592816,-0.18929288,0.22085302,False,-,A(무시),N
8,쓰기,26,-0.00021804769195234996,0.12395976224514042,-0.23075191,0.25450776,False,-,A(무시),N
8,쓰기,27,-0.02001676094378975,0.10582676618085801,-0.23351977,0.18109079,False,-,A(무시),N
8,쓰기,28,-0.025981897348609947,0.11986715134272562,-0.26379597,0.20399093,False,-,A(무시),N
8,쓰기,29,0.006396043788740076,0.13068409129533842,-0.26374806,0.25277064,False,-,A(무시),N
8,쓰기,30,0.05750573456690304,0.11780702520383193,-0.17965948,0.28408351,False,-,A(무시),N
8,듣기,1,0.05435669772362755,0.09754002031275948,-0.13932442,0.23941075,False,-,A(무시),N
8,듣기,2,0.04613914982475988,0.10045484465977232,-0.14752345,0.24794657,False,-,A(무시),N
8,듣기,3,0.07658426520986251,0.09876745461562393,-0.1211839,0.26098547,False,-,A(무시),N
8,듣기,4,0.050080864986914275,0.09835540590329872,-0.13590065,0.24857472,False,-,A(무시),N
8,듣기,5,-0.015084851849219056,0.10253609447081603,-0.21695879,0.1829837,False,-,A(무시),N
8,듣기,6,-0.17839638360374385,0.10215239232642968,-0.36485772,0.032352392,False,-,A(무시),Y
8,듣기,7,0.08140462359275079,0.10166535768146094,-0.12944252,0.26897427,False,-,A(무시),N
8,듣기,8,0.05269755663323788,0.11011429393015919,-0.16853734,0.25758916,False,-,A(무시),Y
8,듣기,9,0.04223158888025875,0.1026911742229275,-0.15819967,0.24158232,False,-,A(무시),N
8,듣기,10,0.25018940268580747,0.0982585314512672,0.064331133,0.44359981,True,남유리,C(큰),Y
8,듣기,11,-0.0155917801752105,0.10006731603062471,-0.21268724,0.17741998,False,-,A(무시),N
8,듣기,12,0.010219951556116755,0.11585788195417723,-0.22289148,0.23298462,False,-,A(무시),N
8,듣기,13,0.017558401009008025,0.09495921694655257,-0.16484132,0.2026628,False,-,A(무시),N
8,듣기,14,0.024628762224318375,0.10280483096348006,-0.18529745,0.21286523,False,-,A(무시),Y
8,듣기,15,0.078878152067914,0.10265157054204029,-0.12136465,0.27663195,False,-,A(무시),N
8,듣기,16,0.027815470782522975,0.10157759608461871,-0.1731095,0.22309243,False,-,A(무시),N
8,듣기,17,0.04859783853550752,0.11595265500303545,-0.1886191,0.26325772,False,-,A(무시),N
8,듣기,18,-0.043621668679426365,0.12462746010590404,-0.28549724,0.20823095,False,-,A(무시),N
8,듣기,19,-0.15711020635983086,0.09960134369243814,-0.34766766,0.038413674,False,-,A(무시),Y
8,듣기,20,0.05089207118414562,0.10122589483899012,-0.153597,0.24242153,False,-,A(무시),N
8,듣기,21,-0.00859873423536525,0.09598224787443155,-0.19181986,0.18421662,False,-,A(무시),N
8,듣기,22,-0.32389344993323,0.11193693710124207,-0.54687409,-0.11420826,True,여유리,C(큰),Y
8,듣기,23,0.0462498535708515,0.09930641488598217,-0.15449664,0.23226373,False,-,A(무시),N
8,듣기,24,0.023983750562569378,0.1012335979734461,-0.17080434,0.22880967,False,-,A(무시),N
8,듣기,25,0.03510570144090187,0.09653713356169503,-0.14837165,0.22936672,False,-,A(무시),N
8,듣기,26,-0.018081816531103877,0.10916512927438088,-0.2259439,0.19545005,False,-,A(무시),N
8,듣기,27,-0.258045431680075,0.09998311798401899,-0.44902099,-0.064918961,True,여유리,C(큰),Y
8,듣기,28,-0.13598116891094666,0.09860884764007935,-0.3314289,0.048031966,False,-,A(무시),Y
8,듣기,29,0.05161869714652961,0.1061677051706696,-0.15418041,0.25832966,False,-,A(무시),N
8,듣기,30,-0.091742074786071,0.09837928849823792,-0.28419184,0.092328527,False,-,A(무시),N
8,읽기,1,0.26970165387108624,0.11291226932234724,0.047233971,0.48756551,True,남유리,C(큰),Y
8,읽기,2,0.21674242608702374,0.10341317396348461,0.0083993299,0.40957089,True,남유리,C(큰),Y
8,읽기,3,0.35336885879671254,0.10617595304564509,0.13873511,0.55213677,True,남유리,C(큰),Y
8,읽기,4,0.03372699385030213,0.11796274837523978,-0.1965929,0.26285129,False,-,A(무시),Y
8,읽기,5,-0.1420549914560266,0.12290653220647298,-0.37648066,0.1063577,False,-,A(무시),N
8,읽기,6,-0.047008895403657804,0.10777988020653054,-0.25289042,0.16473161,False,-,A(무시),N
8,읽기,7,-0.05626249813601038,0.11997333529550963,-0.29063925,0.17459161,False,-,A(무시),N
8,읽기,8,0.06476387284872828,0.10205286476825837,-0.12735924,0.26531644,False,-,A(무시),Y
8,읽기,9,0.10799094299731962,0.10705480671222642,-0.09467788,0.32599973,False,-,A(무시),Y
8,읽기,10,0.06425787349274324,0.11199909643398068,-0.1514856,0.28277007,False,-,A(무시),Y
8,읽기,11,-0.020152577934058623,0.11078341617187533,-0.23863077,0.19261305,False,-,A(무시),N
8,읽기,12,-0.013606066599063625,0.10454959074425631,-0.22157727,0.18479258,False,-,A(무시),N
8,읽기,13,-0.04944844092530075,0.1076848069297807,-0.26256379,0.15747965,False,-,A(무시),N
8,읽기,14,-0.035957428190572,0.10982778038660519,-0.24308647,0.18507188,False,-,A(무시),N
8,읽기,15,-0.28792326191829126,0.10994844411881564,-0.50156804,-0.079649128,True,여유리,C(큰),Y
8,읽기,16,-0.19739386846090526,0.12266801256451078,-0.4314274,0.044886072,False,-,A(무시),N
8,읽기,17,-0.01770792617649375,0.10995784431646725,-0.23923021,0.1924522,False,-,A(무시),N
8,읽기,18,0.049531696390606,0.1118396425283573,-0.16563001,0.2602655,False,-,A(무시),N
8,읽기,19,0.07060454339611624,0.12203036187245533,-0.15583206,0.31824788,False,-,A(무시),N
8,읽기,20,0.015382416353818876,0.1138418472031,-0.20677925,0.2302899,False,-,A(무시),N
8,읽기,21,-0.057274803098147496,0.1048661939769915,-0.27141142,0.13571387,False,-,A(무시),N
8,읽기,22,-0.08882718694395578,0.12293957929403615,-0.33935652,0.14489666,False,-,A(무시),N
8,읽기,23,-0.11445391692059287,0.10565697610373727,-0.32197726,0.088238593,False,-,A(무시),N
8,읽기,24,-0.03997446952536754,0.1094415914230161,-0.24104065,0.17957803,False,-,A(무시),N
8,읽기,25,-0.09962623912902188,0.11737473417812781,-0.32111423,0.13926415,False,-,A(무시),N
8,읽기,26,-0.08235577124516463,0.11737315730808619,-0.29816834,0.15872153,False,-,A(무시),N
8,읽기,27,-0.06647600708068124,0.11641220307975596,-0.28940955,0.16224079,False,-,A(무시),N
8,읽기,28,-0.03313732374459775,0.11775096421580858,-0.26870948,0.19305723,False,-,A(무시),N
8,읽기,29,-0.05193188352405295,0.10508831981744109,-0.26028458,0.1519126,False,-,A(무시),N
8,읽기,30,-0.1345964079832999,0.10171540877962192,-0.33535879,0.058961034,False,-,A(무시),N
9,어휘문법,1,0.118413093709849,0.12675650962700485,-0.12984817,0.36059368,False,-,A(무시),Y
9,어휘문법,2,-0.02261978497419559,0.10855784136297993,-0.22634366,0.19699064,False,-,A(무시),N
9,어휘문법,3,-0.050019142182829754,0.10377771980390861,-0.27254928,0.13480139,False,-,A(무시),N
9,어휘문법,4,0.036232994763541984,0.17415184921404564,-0.30322635,0.37151508,False,-,A(무시),N
9,어휘문법,5,0.0921361903438545,0.13655359893381253,-0.17273203,0.36003218,False,-,A(무시),N
9,어휘문법,6,0.012303733536603377,0.10315198239525857,-0.18379343,0.21730452,False,-,A(무시),N
9,어휘문법,7,-0.16287903037697066,0.11503925455088633,-0.38134228,0.064684363,False,-,A(무시),N
9,어휘문법,8,0.11388444679533939,0.1107977977881664,-0.10415021,0.33396105,False,-,A(무시),Y
9,어휘문법,9,-0.16523930743745377,0.10826773565635871,-0.3800764,0.043767458,False,-,A(무시),N
9,어휘문법,10,0.07372977883663555,0.09746040923046212,-0.106391,0.27533295,False,-,A(무시),N
9,어휘문법,11,0.2991281507394163,0.09307578046463062,0.12107533,0.47771963,True,남유리,C(큰),Y
9,어휘문법,12,-0.27480883589960253,0.10976195454873673,-0.48284855,-0.057945046,True,여유리,C(큰),Y
9,어휘문법,13,0.006398666356237324,0.11357711116742537,-0.21794886,0.22772262,False,-,A(무시),N
9,어휘문법,14,-0.07583321930292487,0.1013716199356243,-0.27125225,0.12145347,False,-,A(무시),N
9,어휘문법,15,0.29770607968276874,0.10366887440703611,0.11159837,0.52166948,True,남유리,C(큰),Y
9,어휘문법,16,0.54619001170125,0.09693995053677824,0.36715413,0.74011166,True,남유리,C(큰),Y
9,어휘문법,17,-0.3955354437247501,0.1009183804241158,-0.59326864,-0.20012325,True,여유리,C(큰),Y
9,어휘문법,18,-0.05387136998504788,0.10022561098360837,-0.24741891,0.13987176,False,-,A(무시),N
9,어휘문법,19,-0.08917031610885624,0.13255625010260969,-0.33277558,0.18032864,False,-,A(무시),N
9,어휘문법,20,0.2814361783757971,0.10591779296578206,0.082333576,0.49395362,True,남유리,C(큰),Y
9,어휘문법,21,-0.0012144244048122497,0.12212588405176106,-0.24558346,0.23234702,False,-,A(무시),N
9,어휘문법,22,-0.05167580716105975,0.0992066726644267,-0.2414729,0.14368562,False,-,A(무시),N
9,어휘문법,23,-0.00819641684955764,0.09661026860107483,-0.19366824,0.18213701,False,-,A(무시),N
9,어휘문법,24,-0.008408778213782872,0.11151387102850593,-0.22607539,0.19725802,False,-,A(무시),N
9,어휘문법,25,-0.04842781421491921,0.14103496106419358,-0.31680948,0.23348328,False,-,A(무시),N
9,어휘문법,26,-0.07683124307439931,0.10663488564862812,-0.28708272,0.12833059,False,-,A(무시),N
9,어휘문법,27,-0.011222812108512874,0.10277268576418264,-0.20441377,0.1945914,False,-,A(무시),N
9,어휘문법,28,-0.08328384748913852,0.09454784524728672,-0.25205846,0.11160147,False,-,A(무시),N
9,어휘문법,29,-0.03973151468725663,0.10576856877087486,-0.25023012,0.15913213,False,-,A(무시),N
9,어휘문법,30,0.11400703613262465,0.10670392272474866,-0.10271635,0.31335404,False,-,A(무시),N
9,쓰기,1,0.05678320772589585,0.09990158262074868,-0.12996034,0.26028254,False,-,A(무시),N
9,쓰기,2,0.16840215265936012,0.1192856236664015,-0.060271186,0.40129895,False,-,A(무시),N
9,쓰기,3,0.15182863316632736,0.11511908114977941,-0.063941493,0.38339855,False,-,A(무시),N
9,쓰기,4,-0.016878263936542376,0.10028004075067545,-0.19988235,0.18647932,False,-,A(무시),N
9,쓰기,5,0.09437872221444255,0.0992515122792412,-0.09573095,0.29383553,False,-,A(무시),N
9,쓰기,6,-0.04197862078087725,0.10867322890319088,-0.25252408,0.17353044,False,-,A(무시),N
9,쓰기,7,0.045379131475653124,0.11035616588667475,-0.16670482,0.26576772,False,-,A(무시),N
9,쓰기,8,0.19422847215256525,0.12065550739056305,-0.04233145,0.42789752,False,-,A(무시),N
9,쓰기,9,0.1245540661462469,0.10803385832172863,-0.079920331,0.34315194,False,-,A(무시),N
9,쓰기,10,0.008183089478476,0.10773819850965646,-0.20646781,0.2176861,False,-,A(무시),N
9,쓰기,11,0.003393277304839451,0.11249920576982907,-0.20589337,0.23423622,False,-,A(무시),N
9,쓰기,12,-0.015583925347343125,0.107405333496745,-0.23662911,0.18537311,False,-,A(무시),N
9,쓰기,13,0.116280832582562,0.11364557912593204,-0.1009559,0.33532602,False,-,A(무시),N
9,쓰기,14,0.0604441568889955,0.1156477363619526,-0.17086048,0.28098688,False,-,A(무시),N
9,쓰기,15,-0.053881774774454126,0.12488908007475916,-0.30564402,0.18194556,False,-,A(무시),N
9,쓰기,16,0.018662000894282126,0.13408840230609403,-0.25287195,0.27369113,False,-,A(무시),N
9,쓰기,17,0.3649282286483,0.11206382404434947,0.15563442,0.59165913,True,남유리,C(큰),Y
9,쓰기,18,0.29956403860537,0.10252521395657711,0.096058146,0.49710996,True,남유리,C(큰),Y
9,쓰기,19,0.023542276645505088,0.1070106098987468,-0.18768322,0.22797132,False,-,A(무시),N
9,쓰기,20,0.004983158230038875,0.10514649569534879,-0.20276942,0.2085019,False,-,A(무시),N
9,쓰기,21,0.20291619799675475,0.14035698325522186,-0.072617052,0.47903182,False,-,A(무시),N
9,쓰기,22,-0.4505726952753875,0.14495525514628269,-0.74764107,-0.17665992,True,여유리,C(큰),Y
9,쓰기,23,0.16259006933487877,0.10540303599473506,-0.043493987,0.36552246,False,-,A(무시),N
9,쓰기,24,0.41647473576711125,0.1090397426862089,0.19776143,0.62176522,True,남유리,C(큰),Y
9,쓰기,25,-0.15209501868556075,0.11525545889966407,-0.37994077,0.069480468,False,-,A(무시),Y
9,쓰기,26,-0.451959704755575,0.11839312458996756,-0.67917019,-0.21810087,True,여유리,C(큰),Y
9,쓰기,27,-0.010241551886601499,0.14335123752787102,-0.28764304,0.27808186,False,-,A(무시),Y
9,쓰기,28,-0.29373873893875024,0.13763385212716178,-0.5770182,-0.033768845,True,여유리,C(큰),Y
9,쓰기,29,-0.394917286606625,0.11956724613924405,-0.61815647,-0.15317252,True,여유리,C(큰),Y
9,쓰기,30,-0.2231649736820975,0.11318634025897431,-0.44915809,-0.005177117,True,여유리,C(큰),Y
9,듣기,1,-0.031180740944999,0.10710016884156612,-0.2405812,0.16971312,False,-,A(무시),N
9,듣기,2,0.27552901036821625,0.11741254613561361,0.0501669,0.50332124,True,남유리,C(큰),Y
9,듣기,3,-0.16942412030661388,0.14039128398721035,-0.43019535,0.1185817,False,-,A(무시),Y
9,듣기,4,0.011051141587224247,0.10579870385995807,-0.1931537,0.21902273,False,-,A(무시),N
9,듣기,5,-0.03723341076538885,0.09949119752847306,-0.2247453,0.15672536,False,-,A(무시),N
9,듣기,6,-0.005370356673612875,0.12552336670739334,-0.25715584,0.23534488,False,-,A(무시),N
9,듣기,7,0.05767907877680701,0.11787262041750617,-0.16193582,0.30386987,False,-,A(무시),N
9,듣기,8,0.06577027947831764,0.1053911859142394,-0.13258996,0.27320785,False,-,A(무시),N
9,듣기,9,0.09774987468293762,0.12251165392237887,-0.13649424,0.34420233,False,-,A(무시),N
9,듣기,10,0.019658620467409214,0.0981763673767166,-0.15864547,0.21936077,False,-,A(무시),N
9,듣기,11,0.0018508546223317507,0.1197676248827459,-0.22526979,0.23874137,False,-,A(무시),N
9,듣기,12,0.05420999915808225,0.12138147816650086,-0.18341403,0.28704459,False,-,A(무시),N
9,듣기,13,0.06700973392051288,0.117556171898837,-0.17363599,0.28835477,False,-,A(무시),N
9,듣기,14,0.07107742849443802,0.10208943414927804,-0.1177121,0.27147225,False,-,A(무시),N
9,듣기,15,-0.054765860110358375,0.11218524485717353,-0.26884187,0.16066103,False,-,A(무시),N
9,듣기,16,-0.0309735090597815,0.10783812531712912,-0.24728633,0.17412376,False,-,A(무시),N
9,듣기,17,0.35710020684774996,0.10827478923561655,0.15925282,0.57978557,True,남유리,C(큰),Y
9,듣기,18,0.06292475268338975,0.12114921803126558,-0.17265401,0.29392856,False,-,A(무시),N
9,듣기,19,-0.022816067889939253,0.11895284795021976,-0.24488979,0.2195708,False,-,A(무시),N
9,듣기,20,0.07769565953576937,0.11005515323441042,-0.12486237,0.3005747,False,-,A(무시),N
9,듣기,21,-0.3301617882783375,0.0982661413847637,-0.51487302,-0.13327354,True,여유리,C(큰),Y
9,듣기,22,-0.2291809163951824,0.10949419511075831,-0.4351556,-0.017310556,True,여유리,C(큰),Y
9,듣기,23,0.3404393074883125,0.10506784837677936,0.13370015,0.54098848,True,남유리,C(큰),Y
9,듣기,24,0.0221456527610965,0.11441772465123555,-0.19378445,0.24530036,False,-,A(무시),N
9,듣기,25,0.024001998120486624,0.09982950279897529,-0.15764967,0.2275353,False,-,A(무시),N
9,듣기,26,-0.17335633159310845,0.1430790478336427,-0.45383594,0.10498394,False,-,A(무시),Y
9,듣기,27,0.004494618845197,0.10279746316188598,-0.18764865,0.20913013,False,-,A(무시),N
9,듣기,28,0.01819774328476975,0.10055018720470556,-0.16734726,0.21880038,False,-,A(무시),N
9,듣기,29,-0.2234718529944171,0.10967083969370472,-0.42514993,0.0026263688,False,-,A(무시),Y
9,듣기,30,-0.016090229559047247,0.10048793637251834,-0.20659305,0.18020595,False,-,A(무시),N
9,읽기,1,0.3137763414895875,0.10411174005265439,0.11049685,0.51991292,True,남유리,C(큰),Y
9,읽기,2,-0.07892288457245075,0.09534523568070295,-0.26974377,0.097888205,False,-,A(무시),N
9,읽기,3,-0.05914873720828413,0.10079193885857414,-0.25674092,0.13312405,False,-,A(무시),N
9,읽기,4,0.03968650113505237,0.11807475987896036,-0.20097488,0.26019551,False,-,A(무시),N
9,읽기,5,0.454723792671625,0.10629120658714677,0.2410772,0.65180591,True,남유리,C(큰),Y
9,읽기,6,0.2452997977346725,0.10967201916155571,0.037365407,0.4653652,True,남유리,C(큰),Y
9,읽기,7,0.17836278396785998,0.09259284162502997,0.0030420453,0.36001409,True,남유리,C(큰),Y
9,읽기,8,0.10059568676943496,0.10528777724871079,-0.10501866,0.29993435,False,-,A(무시),N
9,읽기,9,-0.0042282618937767484,0.10805175741806897,-0.22349832,0.19765978,False,-,A(무시),N
9,읽기,10,0.24892955980680376,0.0984323899013578,0.058312313,0.44217796,True,남유리,C(큰),Y
9,읽기,11,0.0626721473839701,0.14157582408804176,-0.21050211,0.33407095,False,-,A(무시),N
9,읽기,12,-0.13277580634869854,0.11679559451763889,-0.3623832,0.091742106,False,-,A(무시),N
9,읽기,13,0.06309439682570069,0.09589879351831357,-0.12040929,0.25154949,False,-,A(무시),N
9,읽기,14,-0.3009677902035875,0.10190522659495344,-0.49954927,-0.10229536,True,여유리,C(큰),Y
9,읽기,15,-0.049153125666265,0.10000539746707017,-0.24487145,0.14232906,False,-,A(무시),N
9,읽기,16,0.0013907690972239756,0.09441693123940396,-0.18261587,0.1820799,False,-,A(무시),N
9,읽기,17,-0.09454253648806153,0.10216146954340545,-0.29250594,0.10257768,False,-,A(무시),N
9,읽기,18,-0.02496104697278887,0.10603246206705713,-0.22175311,0.18469815,False,-,A(무시),N
9,읽기,19,-0.1419241643080805,0.0939795440493401,-0.32606705,0.036998369,False,-,A(무시),N
9,읽기,20,-0.007494331307287373,0.10059269873841814,-0.20432498,0.18736815,False,-,A(무시),N
9,읽기,21,0.0719146854379569,0.09766202180807233,-0.12094921,0.25790244,False,-,A(무시),N
9,읽기,22,-0.2186041861548575,0.10697409037465244,-0.41948433,-0.012332768,True,여유리,C(큰),Y
9,읽기,23,-0.09176504832816212,0.09892926592158958,-0.28824897,0.096049974,False,-,A(무시),N
9,읽기,24,-0.06725463693441984,0.10954624100344468,-0.26986053,0.15429629,False,-,A(무시),N
9,읽기,25,-0.0055968435866682,0.10353257570911688,-0.21092705,0.19126068,False,-,A(무시),N
9,읽기,26,-0.178388304501597,0.10370688166621819,-0.38530266,0.011630662,False,-,A(무시),Y
9,읽기,27,0.037693725553123,0.10877617527469095,-0.17149679,0.25592164,False,-,A(무시),N
9,읽기,28,0.07923870699751263,0.09610036995000491,-0.11718772,0.25548681,False,-,A(무시),N
9,읽기,29,-0.32016219626246256,0.10447732299043723,-0.52535846,-0.11935138,True,여유리,C(큰),Y
9,읽기,30,-0.05822607558744639,0.10447120406479071,-0.26826804,0.13608955,False,-,A(무시),N
