scenario,N,rep,true_b1,true_b2,true_ind,cs_b1,cs_b1_cov,cs_b2,cs_b2_cov,lv_b1,lv_b1_cov,lv_b2,lv_b2_cov,lap_b1,lap_b1_cov,lap_b2,lap_b2_cov,lap_ind,lap_ind_sig
small,50,0,0.3,0.3,0.09,-0.22275542322094455,0,0.094821026977593,1,0.03597773022609568,1,0.1645413690130718,1,,,,,,
small,50,1,0.3,0.3,0.09,0.3101336809239441,1,0.3047795855602184,1,0.2748705130574899,1,0.37955900768672374,1,,,,,,
small,50,2,0.3,0.3,0.09,0.5408893722289284,0,0.28149657572089537,1,0.48947841818843274,1,0.33610602130029515,1,,,,,,
small,50,3,0.3,0.3,0.09,0.16957880374983583,1,0.36222316580137476,1,0.17874428661007025,1,0.2443847235288004,1,,,,,,
small,50,4,0.3,0.3,0.09,0.10903406553250225,1,0.2184588751331762,1,0.11344244965809303,1,0.32865261274229235,1,,,,,,
small,50,5,0.3,0.3,0.09,0.3113031124512527,1,0.25401313638364176,1,0.36120634100692584,1,0.22109660663711211,1,,,,,,
small,50,6,0.3,0.3,0.09,0.18337215913521598,1,0.2648845805616936,1,0.22209342536248036,1,0.14869586054571712,1,,,,,,
small,50,7,0.3,0.3,0.09,0.2997030200730632,1,0.14386004280557227,1,0.48348301476409894,1,0.2043288452599284,1,,,,,,
small,50,8,0.3,0.3,0.09,0.3739484230169161,1,0.3527763793007063,1,0.34593861281827887,1,0.4849024265519692,1,,,,,,
small,50,9,0.3,0.3,0.09,0.26258432013529,1,0.37432254424655714,1,0.3832907398574277,1,0.3680194340167138,1,,,,,,
small,50,10,0.3,0.3,0.09,0.027287835330338777,1,0.47003964787413244,1,0.31396311793325016,1,0.3411322725002758,1,,,,,,
small,50,11,0.3,0.3,0.09,0.15878686784441598,1,0.6308941242757727,0,0.20434367076381973,1,0.602621301617324,1,,,,,,
small,50,12,0.3,0.3,0.09,0.2011715915773761,1,0.3009060994426275,1,0.30014365664803544,1,0.22464709897655877,1,,,,,,
small,50,13,0.3,0.3,0.09,0.39466256260366533,1,0.054804126454971486,1,0.4039529820630295,1,0.09596526752364484,1,,,,,,
small,50,14,0.3,0.3,0.09,0.3015537060001907,1,0.3776430286878993,1,0.3797421281766836,1,0.5237714517303362,1,,,,,,
small,50,15,0.3,0.3,0.09,0.2137920423939502,1,0.4407530117352798,1,0.3717939987260672,1,0.28668297123338987,1,,,,,,
small,50,16,0.3,0.3,0.09,0.02941670048626665,0,0.21125526333356498,1,-0.017381478089133207,0,0.36624170339647216,1,,,,,,
small,50,17,0.3,0.3,0.09,0.29850929821941474,1,0.3281942288073541,1,0.40089575869233074,1,0.37305925184440175,1,,,,,,
small,50,18,0.3,0.3,0.09,-0.17113539726605081,0,0.2672810860923343,1,-0.011616288689122373,0,0.46456458883166885,1,,,,,,
small,50,19,0.3,0.3,0.09,0.39347562656681784,1,0.40808493154407477,1,0.5318435564170886,1,0.24256372002250792,1,,,,,,
small,50,20,0.3,0.3,0.09,0.2574481131500833,1,0.43200019366635495,1,0.28235654748519734,1,0.5864997566220941,0,,,,,,
small,50,21,0.3,0.3,0.09,0.5148467114451021,1,0.1746649940712725,1,0.5732246857165887,1,0.2827970833977273,1,,,,,,
small,50,22,0.3,0.3,0.09,0.10864170233069162,1,0.3107878393836453,1,0.11103756378415003,1,0.32021793259516057,1,,,,,,
small,50,23,0.3,0.3,0.09,0.594917847848183,1,0.4193640534925676,1,0.622884697277514,0,0.3703207805431648,1,,,,,,
small,50,24,0.3,0.3,0.09,-0.024082869002653867,1,0.1831338596760427,1,0.18546840558666197,1,0.34799614413039176,1,,,,,,
small,50,25,0.3,0.3,0.09,0.2521013366709084,1,0.42341144551237836,1,0.2071220779496809,1,0.3567818504777987,1,,,,,,
small,50,26,0.3,0.3,0.09,0.22934156714020593,1,0.14338141773500465,1,0.28621274420921516,1,0.22973733231093094,1,,,,,,
small,50,27,0.3,0.3,0.09,0.2656906067748906,1,0.2131988835279328,1,0.44777054175792536,1,0.29601610176216453,1,,,,,,
small,50,28,0.3,0.3,0.09,0.2974072983598616,1,0.028903803234693527,1,0.2938579604233229,1,-0.03244231590027425,0,,,,,,
small,50,29,0.3,0.3,0.09,0.021929757340754558,1,0.20694830366297542,1,-0.0038574789029566237,0,0.07705198287116947,1,,,,,,
small,50,30,0.3,0.3,0.09,0.4266272762896388,1,0.04500260911579055,1,0.5160747918148032,1,0.19948896991592377,1,,,,,,
small,50,31,0.3,0.3,0.09,-0.06850858967942097,1,0.068882956341678,1,0.16991999340192185,1,0.2671204913542336,1,,,,,,
small,50,32,0.3,0.3,0.09,0.1610009111936639,1,0.20903886694328713,1,0.2973460273792968,1,0.19898096509097862,1,,,,,,
small,50,33,0.3,0.3,0.09,0.1975166055053454,1,0.004175896882795056,1,0.1141350609465325,1,-0.031093216602295422,1,,,,,,
small,50,34,0.3,0.3,0.09,0.2515429524603835,1,0.4438592159755755,1,0.4383542003834673,1,0.3628425539766407,1,,,,,,
small,50,35,0.3,0.3,0.09,0.23732978434361576,1,0.3584554350927222,1,0.4113351255748219,1,0.4110692856703484,1,,,,,,
small,50,36,0.3,0.3,0.09,0.5305028665028666,1,-0.006422500800949112,1,0.42885712842923795,1,0.16978693967094685,1,,,,,,
small,50,37,0.3,0.3,0.09,0.45042417348160707,1,0.26468915712434915,1,0.49721431732692,1,0.18673243705697715,1,,,,,,
small,50,38,0.3,0.3,0.09,0.38895011495091664,1,0.09496357926273828,1,0.33997967297172305,1,0.1458267914233478,1,,,,,,
small,50,39,0.3,0.3,0.09,0.29642738786261696,1,0.21193715280014105,1,0.2802674763364002,1,0.3020067208234313,1,,,,,,
small,50,40,0.3,0.3,0.09,0.09100904322692008,1,-0.1630465280321566,0,0.09367640987909465,1,-0.05950974075360292,0,,,,,,
small,50,41,0.3,0.3,0.09,0.10504476431125835,1,0.09891471012996314,1,0.2834679483398075,1,0.14957142854565142,1,,,,,,
small,50,42,0.3,0.3,0.09,0.1899215472189417,1,0.11602030179294776,1,0.32204062436078745,1,0.09158565242523743,1,,,,,,
small,50,43,0.3,0.3,0.09,0.01543057967162988,0,0.16160701694982899,1,-0.010237696256141814,0,0.16915953016818377,1,,,,,,
small,50,44,0.3,0.3,0.09,0.19995247876749675,1,0.004977546499688151,0,0.2569396875168303,1,0.12826608932701763,1,,,,,,
small,50,45,0.3,0.3,0.09,0.29047508331395816,1,0.3703052980633985,1,0.2643021312328278,1,0.42993704910419484,1,,,,,,
small,50,46,0.3,0.3,0.09,0.2859307308570102,1,0.1608603682016365,1,0.3622064554978687,1,0.10736806511398134,1,,,,,,
small,50,47,0.3,0.3,0.09,0.21158582289323835,1,0.06614126907492848,1,0.20001428411297484,1,0.09971827543541292,1,,,,,,
small,50,48,0.3,0.3,0.09,0.20996672375331724,1,0.34748681653875396,1,0.15769615289637437,1,0.5888756200024912,1,,,,,,
small,50,49,0.3,0.3,0.09,0.6183287105121095,0,0.3163287686915202,1,0.7006719386377925,0,0.287324326964029,1,,,,,,
small,86,0,0.3,0.3,0.09,0.28241153230045235,1,0.48047713409633924,1,0.17046125328424383,1,0.47603555068000575,1,,,,,,
small,86,1,0.3,0.3,0.09,0.249342919898646,1,0.19381444556735433,1,0.3439179217622395,1,0.28421838771600155,1,,,,,,
small,86,2,0.3,0.3,0.09,0.18638518261962328,1,0.04544895108755255,0,0.3505382177808486,1,0.11761461979010158,1,,,,,,
small,86,3,0.3,0.3,0.09,0.16772660835460076,1,0.3244915647739483,1,0.25090293636873406,1,0.317681950224307,1,,,,,,
small,86,4,0.3,0.3,0.09,0.30378071216294306,1,0.22422496013960141,1,0.356620805203348,1,0.3200862958747362,1,,,,,,
small,86,5,0.3,0.3,0.09,0.34095689617244634,1,0.22825612334528242,1,0.25562141857977383,1,0.27034117839217264,1,,,,,,
small,86,6,0.3,0.3,0.09,0.3626399166703227,1,0.37830917857735336,1,0.32426073806159106,1,0.3754446156330811,1,,,,,,
small,86,7,0.3,0.3,0.09,0.1078833716508035,1,0.3932423370495542,1,0.08258757119973212,0,0.37766286017848677,1,,,,,,
small,86,8,0.3,0.3,0.09,0.3348405163581732,1,0.14732546407879266,1,0.2883264210655755,1,0.2729253217535173,1,,,,,,
small,86,9,0.3,0.3,0.09,0.2896543587208121,1,0.1689752302351421,1,0.3345739989548474,1,0.29105986676146955,1,,,,,,
small,86,10,0.3,0.3,0.09,0.13370373406442052,1,0.3442283393690486,1,0.08423566727414951,0,0.3622478522930896,1,,,,,,
small,86,11,0.3,0.3,0.09,0.2513173301555048,1,0.2017435329346126,1,0.31328228263586866,1,0.2057286592099645,1,,,,,,
small,86,12,0.3,0.3,0.09,0.3201549191625234,1,0.25545588678795084,1,0.257648793416004,1,0.3087877540209081,1,,,,,,
small,86,13,0.3,0.3,0.09,0.2608132805010116,1,0.045956622484456165,0,0.4285815426207007,1,0.16119043832597746,1,,,,,,
small,86,14,0.3,0.3,0.09,0.35366385270799916,1,0.2593170678865858,1,0.37738855726718756,1,0.3127635846586357,1,,,,,,
small,86,15,0.3,0.3,0.09,0.17955906403981023,1,0.14958789152505952,1,0.28852050532624196,1,0.30256330568308526,1,,,,,,
small,86,16,0.3,0.3,0.09,0.3204103877603147,1,0.02736692040975282,0,0.4046354449153082,1,0.05294679560579987,0,,,,,,
small,86,17,0.3,0.3,0.09,0.15603056735527485,1,0.19400406235445702,1,0.22775892777367873,1,0.30306076233247364,1,,,,,,
small,86,18,0.3,0.3,0.09,0.288469244862665,1,0.26883107971672127,1,0.3219637033829378,1,0.2656266532306412,1,,,,,,
small,86,19,0.3,0.3,0.09,0.24631063173783985,1,0.22955833457082586,1,0.23357545271661462,1,0.26497111885725105,1,,,,,,
small,86,20,0.3,0.3,0.09,0.004504094828519739,0,0.25688192106100316,1,0.24280334184346286,1,0.24092434437714597,1,,,,,,
small,86,21,0.3,0.3,0.09,0.1254413667997658,1,0.334356824199619,1,0.31713651079545685,1,0.3344396959361983,1,,,,,,
small,86,22,0.3,0.3,0.09,0.3881787356284158,1,0.21589230283303995,1,0.3492925307732901,1,0.2226706897714536,1,,,,,,
small,86,23,0.3,0.3,0.09,-0.00015700011059255684,0,0.31068255959832836,1,-0.010378794831791716,0,0.3337935555017636,1,,,,,,
small,86,24,0.3,0.3,0.09,0.20120806411933118,1,0.2599942240510477,1,0.34249101076642047,1,0.15662412103761766,1,,,,,,
small,86,25,0.3,0.3,0.09,0.3544166579673098,1,0.12321047816367346,1,0.389127802374981,1,0.19070690336763851,1,,,,,,
small,86,26,0.3,0.3,0.09,0.18767269257932526,1,0.14717053749772505,1,0.2735533611623919,1,0.2318201837441634,1,,,,,,
small,86,27,0.3,0.3,0.09,0.48158003886716566,1,0.3812390744617064,1,0.5921985338288889,0,0.39725080643652827,1,,,,,,
small,86,28,0.3,0.3,0.09,0.34648735889645793,1,0.16308822330927844,1,0.3677746072608778,1,0.2377055728516614,1,,,,,,
small,86,29,0.3,0.3,0.09,0.18635857238696882,1,0.2043620520409991,1,0.3667709964188753,1,0.24535922569281718,1,,,,,,
small,86,30,0.3,0.3,0.09,0.2540982816610922,1,0.3927130099997099,1,0.3067367960098143,1,0.4327151775888136,1,,,,,,
small,86,31,0.3,0.3,0.09,0.25320013673078623,1,0.3848550773873073,1,0.3541131902593062,1,0.3395495368879633,1,,,,,,
small,86,32,0.3,0.3,0.09,0.21753058814123022,1,0.16673636414121382,1,0.22830129723450454,1,0.22942565542443408,1,,,,,,
small,86,33,0.3,0.3,0.09,0.2302555584492276,1,0.10345765695770318,1,0.2804741266863671,1,0.1032551069307329,1,,,,,,
small,86,34,0.3,0.3,0.09,0.321008192643742,1,0.45142216785275147,1,0.18634138186106186,1,0.47799898320089756,0,,,,,,
small,86,35,0.3,0.3,0.09,0.23444215187810585,1,0.2924027943474418,1,0.3901547833718177,1,0.3360301708384157,1,,,,,,
small,86,36,0.3,0.3,0.09,0.3417925797338827,1,0.1808508578338101,1,0.3636111153117397,1,0.2292310144203354,1,,,,,,
small,86,37,0.3,0.3,0.09,0.4122365895617382,1,0.0303617173934693,0,0.4136999810629937,1,0.05247208380061036,0,,,,,,
small,86,38,0.3,0.3,0.09,0.49015692346044165,1,0.2639817399607753,1,0.5399641676619304,0,0.22353167786292513,1,,,,,,
small,86,39,0.3,0.3,0.09,0.3832262236457478,1,0.3373273013403157,1,0.27227657361718194,1,0.47980845569760217,1,,,,,,
small,86,40,0.3,0.3,0.09,0.42775790957077564,1,0.21973554736707784,1,0.48513693450449596,1,0.16445635372763395,1,,,,,,
small,86,41,0.3,0.3,0.09,0.2168903870541124,1,0.33597368641520886,1,0.38784973892833835,1,0.3054955139756708,1,,,,,,
small,86,42,0.3,0.3,0.09,0.23876408231904717,1,0.2221486550915117,1,0.23934036864205735,1,0.188653096756987,1,,,,,,
small,86,43,0.3,0.3,0.09,0.1074003190527126,1,0.24858093080699198,1,0.19182035295412742,1,0.2179669236292709,1,,,,,,
small,86,44,0.3,0.3,0.09,0.2654098236652519,1,0.5637260770258431,0,0.2906773673811537,1,0.5885869883896201,0,,,,,,
small,86,45,0.3,0.3,0.09,0.26716247888651873,1,0.22323905146885373,1,0.15621156059334118,1,0.2529563797709705,1,,,,,,
small,86,46,0.3,0.3,0.09,0.3983022265212148,1,0.31233852469302226,1,0.4041530044605974,1,0.2879106381167267,1,,,,,,
small,86,47,0.3,0.3,0.09,0.3050613078095562,1,0.1921505459471227,1,0.41524248557859245,1,0.21360224500901662,1,,,,,,
small,86,48,0.3,0.3,0.09,0.21853309554821565,1,0.2823866203342121,1,0.20805966886912763,1,0.372519145572964,1,,,,,,
small,86,49,0.3,0.3,0.09,0.5395324129888508,1,0.435670070586102,1,0.5019285745619129,1,0.4147760004259835,1,,,,,,
small,100,0,0.3,0.3,0.09,0.19091260933118276,1,0.5192775390174957,0,0.22985543153860255,1,0.5866351274339398,0,,,,,,
small,100,1,0.3,0.3,0.09,0.2436455890721702,1,0.2963941339809848,1,0.31249634580941255,1,0.2480480391731991,1,,,,,,
small,100,2,0.3,0.3,0.09,0.2785832867366277,1,0.19846707433627958,1,0.2671829397913307,1,0.37724647530564154,1,,,,,,
small,100,3,0.3,0.3,0.09,0.13179432145841508,1,0.3708125602506501,1,0.16878888987385596,1,0.36530581650846367,1,,,,,,
small,100,4,0.3,0.3,0.09,0.20740445188735931,1,0.38273745322506186,1,0.31596860302163104,1,0.3742343102305743,1,,,,,,
small,100,5,0.3,0.3,0.09,0.2866082271800357,1,0.4625178682773269,1,0.45724395346882585,1,0.43540688221163204,1,,,,,,
small,100,6,0.3,0.3,0.09,0.17296439553602042,1,0.4980853927505781,1,0.23195596507145708,1,0.4467480465508451,1,,,,,,
small,100,7,0.3,0.3,0.09,0.2885180067161874,1,0.10792301234076261,1,0.30894938053382337,1,0.159786992347999,1,,,,,,
small,100,8,0.3,0.3,0.09,0.39972524015579536,1,0.19362325411083592,1,0.31877901979426204,1,0.27089606276074796,1,,,,,,
small,100,9,0.3,0.3,0.09,0.134105841860709,1,0.33083298815320467,1,0.08795212974013736,1,0.450382444031042,1,,,,,,
small,100,10,0.3,0.3,0.09,0.3399302729747616,1,0.45746062889765604,1,0.23809719357715958,1,0.35632812249449874,1,,,,,,
small,100,11,0.3,0.3,0.09,0.2344526472348131,1,0.30026828232601704,1,0.2933521578027188,1,0.3343744760434165,1,,,,,,
small,100,12,0.3,0.3,0.09,0.3868493947200528,1,0.4677269915729242,1,0.39822985784799997,1,0.3814028478435161,1,,,,,,
small,100,13,0.3,0.3,0.09,0.4273792883931412,1,0.42588648639898513,1,0.3868723084890259,1,0.34043839699008105,1,,,,,,
small,100,14,0.3,0.3,0.09,0.34672059663789795,1,0.32641554450530763,1,0.3922903044972227,1,0.43973955646854546,1,,,,,,
small,100,15,0.3,0.3,0.09,0.20945687316831363,1,0.25343573368940037,1,0.07733955290768402,0,0.23968122700596148,1,,,,,,
small,100,16,0.3,0.3,0.09,0.1640920008614924,1,0.2503000797845473,1,0.2301943808538921,1,0.3767849745517308,1,,,,,,
small,100,17,0.3,0.3,0.09,0.2302754696785273,1,0.16562209198607386,1,0.3634630160916853,1,0.26160199694899056,1,,,,,,
small,100,18,0.3,0.3,0.09,0.21989758662655817,1,0.4392637962295337,1,0.32708944423458874,1,0.41855504046348735,1,,,,,,
small,100,19,0.3,0.3,0.09,0.15557958261317936,1,0.08734662036320029,1,0.2462286678614747,1,0.20896595318930114,1,,,,,,
small,100,20,0.3,0.3,0.09,0.17685993586715487,1,0.20419145708517975,1,0.20569623663153014,1,0.25332594778830747,1,,,,,,
small,100,21,0.3,0.3,0.09,0.23842445486229646,1,0.17852872951573479,1,0.2560113341030504,1,0.2154728913883324,1,,,,,,
small,100,22,0.3,0.3,0.09,0.18680241169966402,1,0.23615185057269256,1,0.2797519246303321,1,0.21442940791761156,1,,,,,,
small,100,23,0.3,0.3,0.09,0.2897409972245982,1,0.21559058515916313,1,0.2610141964691475,1,0.2622127950568644,1,,,,,,
small,100,24,0.3,0.3,0.09,0.33551900502179755,1,0.3382598302980694,1,0.3678853703700838,1,0.4271833021102006,1,,,,,,
small,100,25,0.3,0.3,0.09,0.42175477004738404,1,0.1142645903388455,1,0.46161118714469823,1,0.18005252682470294,1,,,,,,
small,100,26,0.3,0.3,0.09,0.3299437681695994,1,0.2243312771839313,1,0.3875664654565192,1,0.24696423378890398,1,,,,,,
small,100,27,0.3,0.3,0.09,0.1096313352321377,1,0.32505935224095894,1,0.15045808227542104,1,0.3639872187239549,1,,,,,,
small,100,28,0.3,0.3,0.09,0.12477244344728403,1,0.3649573895218596,1,0.19940626979167025,1,0.38020167471705757,1,,,,,,
small,100,29,0.3,0.3,0.09,0.3209726516818912,1,0.127630808765519,1,0.2876828752839221,1,0.1704577816432676,1,,,,,,
small,100,30,0.3,0.3,0.09,0.041316770483718,0,0.26573158930448887,1,0.10024837146019716,1,0.30453975523551463,1,,,,,,
small,100,31,0.3,0.3,0.09,0.08468750761555985,1,0.23476989618805483,1,0.23436362893387022,1,0.25381185074413337,1,,,,,,
small,100,32,0.3,0.3,0.09,0.17388158301485404,1,0.25960768394059625,1,0.2424464979529335,1,0.2950399900133513,1,,,,,,
small,100,33,0.3,0.3,0.09,0.3210083321941391,1,0.30493762805774405,1,0.4143414648175202,1,0.31011299347915494,1,,,,,,
small,100,34,0.3,0.3,0.09,0.22194606685721469,1,0.19145175263505362,1,0.19132817792647142,1,0.29080108263586396,1,,,,,,
small,100,35,0.3,0.3,0.09,0.23174720924272402,1,0.2599770405196101,1,0.3115763572370283,1,0.31403048588234905,1,,,,,,
small,100,36,0.3,0.3,0.09,0.2967692641074821,1,0.558215037800777,0,0.3816347657009042,1,0.5251971051506228,0,,,,,,
small,100,37,0.3,0.3,0.09,0.11660863154312935,1,0.3669750143004278,1,0.13817696921758688,1,0.3913651006851842,1,,,,,,
small,100,38,0.3,0.3,0.09,0.24805055993262987,1,0.07789622202992055,0,0.35909401915367495,1,0.2818635242033321,1,,,,,,
small,100,39,0.3,0.3,0.09,0.26239699872713895,1,0.5675810475614833,0,0.30507772309382253,1,0.5677453128999632,0,,,,,,
small,100,40,0.3,0.3,0.09,0.29272016254143113,1,0.18404930381331708,1,0.26415473791397615,1,0.26916171442865156,1,,,,,,
small,100,41,0.3,0.3,0.09,0.3382136213528032,1,0.1654913683799139,1,0.4221866581771672,1,0.1775202436390301,1,,,,,,
small,100,42,0.3,0.3,0.09,0.2385175410147729,1,0.2143164002412462,1,0.3462428743620989,1,0.34322759765521005,1,,,,,,
small,100,43,0.3,0.3,0.09,0.3579693885071773,1,0.18250106397070107,1,0.5421723376416839,0,0.14731154552081005,1,,,,,,
small,100,44,0.3,0.3,0.09,0.15829400716286157,1,0.43452324164833034,1,0.3128448408956572,1,0.3185500727386515,1,,,,,,
small,100,45,0.3,0.3,0.09,0.2888879190772286,1,0.3879946666211316,1,0.2334166575134306,1,0.3509409659021089,1,,,,,,
small,100,46,0.3,0.3,0.09,0.3272571378231873,1,0.5105353414884934,1,0.3116483884748219,1,0.49837321518983024,1,,,,,,
small,100,47,0.3,0.3,0.09,0.18723462707297192,1,0.36889121635497585,1,0.25373840254048396,1,0.3895173342364062,1,,,,,,
small,100,48,0.3,0.3,0.09,0.26271867777855606,1,0.3282289921653241,1,0.3884492652803547,1,0.34934882640038595,1,,,,,,
small,100,49,0.3,0.3,0.09,0.2006376074370303,1,0.4999650677526829,0,0.13539069714732227,1,0.4057496030408462,1,,,,,,
small,150,0,0.3,0.3,0.09,0.3333975454089214,1,0.228641587398925,1,0.3356915971624831,1,0.2768277513554002,1,,,,,,
small,150,1,0.3,0.3,0.09,0.11006065968866724,0,0.21285404674909425,1,0.24258050310318147,1,0.31451137548361263,1,,,,,,
small,150,2,0.3,0.3,0.09,0.33392581837570245,1,0.1195069507766475,1,0.3357067617690507,1,0.1359595112248055,1,,,,,,
small,150,3,0.3,0.3,0.09,0.2610798364367016,1,0.0834248637998188,0,0.2829443621094537,1,0.16443130385590304,1,,,,,,
small,150,4,0.3,0.3,0.09,0.31892582492039895,1,0.24215074810262424,1,0.35368286337401705,1,0.277042490684722,1,,,,,,
small,150,5,0.3,0.3,0.09,0.09752357429386854,0,0.15553424962040963,1,0.16341708571034394,1,0.19999702270267972,1,,,,,,
small,150,6,0.3,0.3,0.09,0.2507313379003494,1,0.27880083874436684,1,0.32701435742583923,1,0.38670485025143847,1,,,,,,
small,150,7,0.3,0.3,0.09,0.14028941204694748,1,0.32203053964671763,1,0.19852717677999415,1,0.3130970343785096,1,,,,,,
small,150,8,0.3,0.3,0.09,0.25623575787214303,1,0.27659312293944566,1,0.23944825587234236,1,0.30302599870466806,1,,,,,,
small,150,9,0.3,0.3,0.09,0.20039290053109735,1,0.3037755995099349,1,0.3357867472773418,1,0.304548790000178,1,,,,,,
small,150,10,0.3,0.3,0.09,0.3123125511864325,1,0.2865745673888794,1,0.377014646566008,1,0.36946657482021006,1,,,,,,
small,150,11,0.3,0.3,0.09,0.21617153579242,1,0.3078926156910966,1,0.31732768368524267,1,0.33804481773871353,1,,,,,,
small,150,12,0.3,0.3,0.09,0.3478602597378423,1,0.34770083026638743,1,0.3577846434181294,1,0.306110626442184,1,,,,,,
small,150,13,0.3,0.3,0.09,0.30464611954145443,1,0.19283189168057982,1,0.3625380612246483,1,0.21864619211597816,1,,,,,,
small,150,14,0.3,0.3,0.09,0.22739985041432229,1,0.35258600051041566,1,0.24998526679382724,1,0.37237729855595286,1,,,,,,
small,150,15,0.3,0.3,0.09,0.13824161986077413,0,0.2010297028070416,1,0.14942414132863976,0,0.3774287261697766,1,,,,,,
small,150,16,0.3,0.3,0.09,0.3629187409154954,1,0.35152631009385743,1,0.2901705137502191,1,0.3363240466569207,1,,,,,,
small,150,17,0.3,0.3,0.09,0.3454755796077786,1,0.10698361029343109,0,0.3119029460722427,1,0.11251087353945306,0,,,,,,
small,150,18,0.3,0.3,0.09,0.387162743873486,1,0.23439190717707536,1,0.30916915050752075,1,0.2878400064239842,1,,,,,,
small,150,19,0.3,0.3,0.09,0.16014217233027822,1,0.23456821571775432,1,0.2996174926084659,1,0.325611274758738,1,,,,,,
small,150,20,0.3,0.3,0.09,0.23431994959062502,1,0.18770519035626496,1,0.2510098043005792,1,0.2227449821871953,1,,,,,,
small,150,21,0.3,0.3,0.09,0.131751930487003,1,0.29975508569166226,1,0.1349726947897474,1,0.34617252031446777,1,,,,,,
small,150,22,0.3,0.3,0.09,0.3130405255670651,1,0.16411397352927506,1,0.3348194500275495,1,0.24821571188110497,1,,,,,,
small,150,23,0.3,0.3,0.09,0.17997976236171495,1,0.25239732033749784,1,0.19606789497919505,1,0.2687151984587953,1,,,,,,
small,150,24,0.3,0.3,0.09,0.33977363020315426,1,0.3086517511393692,1,0.40409770706203146,1,0.21251300030109443,1,,,,,,
small,150,25,0.3,0.3,0.09,0.17412732825405183,1,0.3544091273242014,1,0.24188034093416655,1,0.33105857382416237,1,,,,,,
small,150,26,0.3,0.3,0.09,0.22133913194491267,1,0.30328797881341374,1,0.26908870395335166,1,0.33444434917880095,1,,,,,,
small,150,27,0.3,0.3,0.09,0.395808086662382,1,0.23365544526393311,1,0.450780941963437,1,0.23224250895242685,1,,,,,,
small,150,28,0.3,0.3,0.09,0.2858940823822337,1,0.345587763020078,1,0.2990001090850236,1,0.3489616850594272,1,,,,,,
small,150,29,0.3,0.3,0.09,0.2812649537789128,1,0.23235990711022136,1,0.3738001315513842,1,0.2995923678189195,1,,,,,,
small,150,30,0.3,0.3,0.09,0.1522028440435266,1,0.3027259236860716,1,0.23189056805191816,1,0.24131343933106258,1,,,,,,
small,150,31,0.3,0.3,0.09,0.1333394274570729,1,0.22481984306470143,1,0.29814144678306365,1,0.18208772139914597,1,,,,,,
small,150,32,0.3,0.3,0.09,0.21106575693471963,1,0.317901968676687,1,0.30386955698112206,1,0.3638464173302457,1,,,,,,
small,150,33,0.3,0.3,0.09,0.20038216761771643,1,0.35264955111343743,1,0.29615023067194785,1,0.3509471882081363,1,,,,,,
small,150,34,0.3,0.3,0.09,-0.005838011488487924,0,0.2085081511632138,1,0.16010727449400786,1,0.21208428370683757,1,,,,,,
small,150,35,0.3,0.3,0.09,0.30842673369905704,1,0.43330031477475967,1,0.442086042351868,1,0.3592760470165519,1,,,,,,
small,150,36,0.3,0.3,0.09,0.14843904983725634,1,0.250673891596407,1,0.28369232494238084,1,0.19943290504712993,1,,,,,,
small,150,37,0.3,0.3,0.09,0.2946570267869825,1,0.18859410932304918,1,0.3820014667150814,1,0.2592410002978146,1,,,,,,
small,150,38,0.3,0.3,0.09,0.2674768136073884,1,0.25956459541116433,1,0.29572598636752495,1,0.3144676071234744,1,,,,,,
small,150,39,0.3,0.3,0.09,0.10959483925932144,0,0.2054731104534867,1,0.14457080996121416,0,0.28594350195130985,1,,,,,,
small,150,40,0.3,0.3,0.09,0.18293256035362507,1,0.3391324757324932,1,0.2573004046639814,1,0.36430183809853506,1,,,,,,
small,150,41,0.3,0.3,0.09,0.2182956113179189,1,0.4679708042593102,0,0.2603805652983394,1,0.42377206269854917,1,,,,,,
small,150,42,0.3,0.3,0.09,0.44311904537506847,1,0.07941504310129857,0,0.34791545624676234,1,0.09847666882570279,0,,,,,,
small,150,43,0.3,0.3,0.09,0.22913544541930073,1,0.3660476720728517,1,0.40095345621194817,1,0.4288474896183303,1,,,,,,
small,150,44,0.3,0.3,0.09,0.2626124823998301,1,0.1960703090908059,1,0.38692862626334146,1,0.15902403445463395,0,,,,,,
small,150,45,0.3,0.3,0.09,0.1867375702493335,1,0.2045563106159737,1,0.24795896925574507,1,0.29091122193614893,1,,,,,,
small,150,46,0.3,0.3,0.09,0.28201092946754064,1,0.14404353492637645,0,0.26227300097084055,1,0.16839605298869526,1,,,,,,
small,150,47,0.3,0.3,0.09,0.21037274879014156,1,0.32112368010789205,1,0.2813335201127214,1,0.3648242509832333,1,,,,,,
small,150,48,0.3,0.3,0.09,0.20108127454200764,1,0.33925716558008956,1,0.2980991470774491,1,0.3961280787165334,1,,,,,,
small,150,49,0.3,0.3,0.09,0.2802358866478377,1,0.3072012834839157,1,0.29082609482182886,1,0.3563826693048228,1,,,,,,
small,200,0,0.3,0.3,0.09,0.17035828979221682,1,0.32746937570920714,1,0.2407839765284048,1,0.32954419853655786,1,,,,,,
small,200,1,0.3,0.3,0.09,0.11673110386523566,0,0.22872614334489597,1,0.2585833595989915,1,0.29421915952444155,1,,,,,,
small,200,2,0.3,0.3,0.09,0.2066276408087413,1,0.2205027045388709,1,0.33569496869804716,1,0.3208447419977332,1,,,,,,
small,200,3,0.3,0.3,0.09,0.2863920803412283,1,0.2830093731050966,1,0.2576899454821212,1,0.3600627230281929,1,,,,,,
small,200,4,0.3,0.3,0.09,0.35236949811479357,1,0.23336361940974285,1,0.4018277204772131,1,0.2574488055371879,1,,,,,,
small,200,5,0.3,0.3,0.09,0.2824156110237664,1,0.266402876789915,1,0.28479832566035856,1,0.2984253363309117,1,,,,,,
small,200,6,0.3,0.3,0.09,0.34663708320380987,1,0.23261806717029485,1,0.3790481359677318,1,0.2261131714713255,1,,,,,,
small,200,7,0.3,0.3,0.09,0.3564457076174444,1,0.2291765945985529,1,0.4241051578027638,1,0.23616352814371103,1,,,,,,
small,200,8,0.3,0.3,0.09,0.1672484770130424,1,0.3311570682506597,1,0.20009306144831024,1,0.3660910447148124,1,,,,,,
small,200,9,0.3,0.3,0.09,0.18928291000368958,1,0.26012903527860626,1,0.23055300629252137,1,0.274563529535029,1,,,,,,
small,200,10,0.3,0.3,0.09,0.1935579122892711,1,0.18453609807723595,1,0.32297931745115216,1,0.17337966968762428,1,,,,,,
small,200,11,0.3,0.3,0.09,0.3538145516332307,1,0.19769055001907962,1,0.3749699537258964,1,0.23987645744710312,1,,,,,,
small,200,12,0.3,0.3,0.09,0.35905522332915196,1,0.17660071200070102,1,0.3464601627154303,1,0.2007156537455287,1,,,,,,
small,200,13,0.3,0.3,0.09,0.24594661688225045,1,0.3479871088975979,1,0.2946936000951469,1,0.4127742634734228,1,,,,,,
small,200,14,0.3,0.3,0.09,0.18253133259947976,1,0.29340978231121,1,0.23589888681309396,1,0.3356363993721219,1,,,,,,
small,200,15,0.3,0.3,0.09,0.2762551794119609,1,0.2965171664875702,1,0.2735465645098085,1,0.35091030087526376,1,,,,,,
small,200,16,0.3,0.3,0.09,0.2742619145579531,1,0.22707491975304353,1,0.31384521008764354,1,0.2980279839029281,1,,,,,,
small,200,17,0.3,0.3,0.09,0.332765945932673,1,0.30274161821691636,1,0.42859174957170054,1,0.2985584005632919,1,,,,,,
small,200,18,0.3,0.3,0.09,0.09125684661907782,0,0.20664226018242543,1,0.1841071666590272,1,0.1954298142353895,1,,,,,,
small,200,19,0.3,0.3,0.09,0.2516024955125903,1,0.20329925113437913,1,0.3211986275396245,1,0.20564123751002322,1,,,,,,
small,200,20,0.3,0.3,0.09,0.3105661691615783,1,0.24532722423140219,1,0.35700676395640923,1,0.2961629142391038,1,,,,,,
small,200,21,0.3,0.3,0.09,0.08509705241778993,0,0.24735115568670096,1,0.21483462644075974,1,0.28754524297763906,1,,,,,,
small,200,22,0.3,0.3,0.09,0.2356900849676158,1,0.3259909584589382,1,0.4230456180780029,1,0.35798711467673033,1,,,,,,
small,200,23,0.3,0.3,0.09,0.29631011087551246,1,0.4058696611162372,1,0.42605470883992885,1,0.3754057527813631,1,,,,,,
small,200,24,0.3,0.3,0.09,0.2582097076722837,1,0.2506372648355134,1,0.26541528147203397,1,0.29679550568311575,1,,,,,,
small,200,25,0.3,0.3,0.09,0.35114455906197123,1,0.38625161504430616,1,0.39620431025844943,1,0.4713084481796469,0,,,,,,
small,200,26,0.3,0.3,0.09,0.35306713510710214,1,0.2821448595702257,1,0.3321612125540547,1,0.2994621334238187,1,,,,,,
small,200,27,0.3,0.3,0.09,0.20717951859984107,1,0.271191329090236,1,0.2860983104334273,1,0.3219481937434708,1,,,,,,
small,200,28,0.3,0.3,0.09,0.28876665104952975,1,0.4213376694172618,1,0.36123388784173444,1,0.44565790161543806,0,,,,,,
small,200,29,0.3,0.3,0.09,0.2929085690303255,1,0.2841915925832877,1,0.2600631823910705,1,0.30966978512534654,1,,,,,,
small,200,30,0.3,0.3,0.09,0.2736732746423775,1,0.2638889015682275,1,0.27854055513155274,1,0.28072886093667343,1,,,,,,
small,200,31,0.3,0.3,0.09,0.20237648349397366,1,0.2912744917318984,1,0.19487619021198715,1,0.33149245316414866,1,,,,,,
small,200,32,0.3,0.3,0.09,0.2600886128465596,1,0.35932535015153977,1,0.26830443434821744,1,0.3831384089955375,1,,,,,,
small,200,33,0.3,0.3,0.09,0.1769038578181296,1,0.30020843207041137,1,0.2592933687728419,1,0.31244527184336496,1,,,,,,
small,200,34,0.3,0.3,0.09,0.252644236677925,1,0.17221679006814644,1,0.31848371476727366,1,0.2576501258282003,1,,,,,,
small,200,35,0.3,0.3,0.09,0.34738635575368143,1,0.3215637840878966,1,0.41692706937493496,1,0.3065099936120624,1,,,,,,
small,200,36,0.3,0.3,0.09,0.2124511061639784,1,0.27472761457935924,1,0.3550733721508025,1,0.3130193690159561,1,,,,,,
small,200,37,0.3,0.3,0.09,0.27094087194041805,1,0.3009455676447789,1,0.3818856554645427,1,0.34399712494982476,1,,,,,,
small,200,38,0.3,0.3,0.09,0.22688000325166502,1,0.31541022492832166,1,0.29078085844284557,1,0.34747098148775224,1,,,,,,
small,200,39,0.3,0.3,0.09,0.3107795710244005,1,0.27037593871271415,1,0.3114803952030153,1,0.24624575627418863,1,,,,,,
small,200,40,0.3,0.3,0.09,0.4148676425497124,1,0.2705727411393493,1,0.4231405555822028,1,0.30781244345173553,1,,,,,,
small,200,41,0.3,0.3,0.09,0.3371188444212634,1,0.17749462450452425,1,0.3133113625531926,1,0.1897493383650048,1,,,,,,
small,200,42,0.3,0.3,0.09,0.354449612123457,1,0.29090278813193926,1,0.36761226184495466,1,0.39742497386116504,1,,,,,,
small,200,43,0.3,0.3,0.09,0.29327913139604567,1,0.2807954850688847,1,0.3934678476827097,1,0.3556897632147875,1,,,,,,
small,200,44,0.3,0.3,0.09,0.20615638277206189,1,0.19274948633151223,1,0.2987993818316511,1,0.16676738674857527,0,,,,,,
small,200,45,0.3,0.3,0.09,0.2958317062927012,1,0.3701681946839066,1,0.3070828040943813,1,0.3383180662471183,1,,,,,,
small,200,46,0.3,0.3,0.09,0.3390668953732795,1,0.29296432567005715,1,0.3103217399638232,1,0.4259706163697772,1,,,,,,
small,200,47,0.3,0.3,0.09,0.2783279304274593,1,0.37940174301522905,1,0.43411963392440894,0,0.3181491630394331,1,,,,,,
small,200,48,0.3,0.3,0.09,0.2812855081197265,1,0.22733725896394277,1,0.3448324071943917,1,0.3158934059610871,1,,,,,,
small,200,49,0.3,0.3,0.09,0.38395189631308774,1,0.2611324390774905,1,0.4139630875553085,1,0.3012639552245249,1,,,,,,
small,300,0,0.3,0.3,0.09,0.2939911174125891,1,0.23507480430991357,1,0.3426661883494186,1,0.25670360025784633,1,,,,,,
small,300,1,0.3,0.3,0.09,0.1728193286775648,0,0.2618488680256486,1,0.3169040439223286,1,0.27681384146276156,1,,,,,,
small,300,2,0.3,0.3,0.09,0.3673045739512319,1,0.2713074381897939,1,0.39224815566478344,1,0.3337569124516482,1,,,,,,
small,300,3,0.3,0.3,0.09,0.2901032611253752,1,0.2980075459202,1,0.3500116932390779,1,0.33124744674506545,1,,,,,,
small,300,4,0.3,0.3,0.09,0.18703249973885433,1,0.17168233414064457,0,0.2953384911070812,1,0.21997015892269361,1,,,,,,
small,300,5,0.3,0.3,0.09,0.2818797101224271,1,0.26605171116852305,1,0.3030859897335271,1,0.2870250264538044,1,,,,,,
small,300,6,0.3,0.3,0.09,0.24422050469971232,1,0.2670860276200199,1,0.34197670480034975,1,0.2900228329559324,1,,,,,,
small,300,7,0.3,0.3,0.09,0.36866279420001224,1,0.39395583522335365,1,0.3868236061806136,1,0.36359963445094234,1,,,,,,
small,300,8,0.3,0.3,0.09,0.24609493579127897,1,0.3021929776509231,1,0.2966175412276121,1,0.2543397904644904,1,,,,,,
small,300,9,0.3,0.3,0.09,0.24210342012394995,1,0.2853855907213544,1,0.3028329566457323,1,0.2766485855368664,1,,,,,,
small,300,10,0.3,0.3,0.09,0.28240567849763104,1,0.3095854181757314,1,0.3046479797490076,1,0.3465236979720873,1,,,,,,
small,300,11,0.3,0.3,0.09,0.22728900346117856,1,0.34109471908085626,1,0.2815010537711184,1,0.3083831453976685,1,,,,,,
small,300,12,0.3,0.3,0.09,0.2343956312743761,1,0.26160475883382184,1,0.3191514428331491,1,0.23587458639911393,1,,,,,,
small,300,13,0.3,0.3,0.09,0.28664291384196694,1,0.29398735096987477,1,0.331512416663442,1,0.3123139456600348,1,,,,,,
small,300,14,0.3,0.3,0.09,0.1551844661559378,0,0.3847237070775746,1,0.2621766392710903,1,0.43166742147926584,0,,,,,,
small,300,15,0.3,0.3,0.09,0.3223857876932526,1,0.2992158624377539,1,0.34194167770754796,1,0.3106307101055471,1,,,,,,
small,300,16,0.3,0.3,0.09,0.2512745941569489,1,0.3908102991980108,1,0.30795698229782553,1,0.41620848703357155,0,,,,,,
small,300,17,0.3,0.3,0.09,0.33836067822906674,1,0.25509681881852264,1,0.3794289032579389,1,0.24391010351882444,1,,,,,,
small,300,18,0.3,0.3,0.09,0.17486045778776985,1,0.2892384321809077,1,0.27519091578498833,1,0.3566307763574344,1,,,,,,
small,300,19,0.3,0.3,0.09,0.2978608532621701,1,0.26864610532621996,1,0.3639421119175406,1,0.2995063661022071,1,,,,,,
small,300,20,0.3,0.3,0.09,0.28131711496402495,1,0.38142891097353276,1,0.30080554744799326,1,0.3913643460639749,1,,,,,,
small,300,21,0.3,0.3,0.09,0.2605996709059672,1,0.3295184412547018,1,0.2606646180526896,1,0.37240681703493095,1,,,,,,
small,300,22,0.3,0.3,0.09,0.22703746880496803,1,0.2962464946379787,1,0.26119621104555446,1,0.2949587832716187,1,,,,,,
small,300,23,0.3,0.3,0.09,0.23592430502508893,1,0.19367383596400323,1,0.22154957430143235,1,0.24731065477903433,1,,,,,,
small,300,24,0.3,0.3,0.09,0.21003842161974384,1,0.24854779747456135,1,0.23738455369623712,1,0.27835897619609057,1,,,,,,
small,300,25,0.3,0.3,0.09,0.2974282995758956,1,0.23579241803350592,1,0.3659932816829939,1,0.3183043800449545,1,,,,,,
small,300,26,0.3,0.3,0.09,0.21941768787683932,1,0.21030530995500768,1,0.2518327496448147,1,0.20018667096582604,1,,,,,,
small,300,27,0.3,0.3,0.09,0.18800565522271473,1,0.22261170808246158,1,0.17686237635218455,0,0.29826055579457744,1,,,,,,
small,300,28,0.3,0.3,0.09,0.26921357563446335,1,0.3306447562422544,1,0.2905285464323323,1,0.30762101747501785,1,,,,,,
small,300,29,0.3,0.3,0.09,0.2646556416587786,1,0.30684169595328986,1,0.34158742376242535,1,0.29886321056420045,1,,,,,,
small,300,30,0.3,0.3,0.09,0.3302736884148496,1,0.36329297146386846,1,0.3582662202942195,1,0.3509828455662777,1,,,,,,
small,300,31,0.3,0.3,0.09,0.13810969766129286,0,0.30598918710059453,1,0.2972237219362866,1,0.3451483522540867,1,,,,,,
small,300,32,0.3,0.3,0.09,0.2788224581495506,1,0.20860192511221617,1,0.3402289117479987,1,0.2896745962686445,1,,,,,,
small,300,33,0.3,0.3,0.09,0.08247200154413611,0,0.1538001856982347,0,0.13687423821253725,0,0.2113195420916566,1,,,,,,
small,300,34,0.3,0.3,0.09,0.3126160181600574,1,0.18329333696415734,1,0.35387761507348536,1,0.23427774764536516,1,,,,,,
small,300,35,0.3,0.3,0.09,0.21435879544528336,1,0.3656133220832902,1,0.2465367000838849,1,0.36920571487953674,1,,,,,,
small,300,36,0.3,0.3,0.09,0.23253428816120408,1,0.3435731660734905,1,0.32639736218340687,1,0.3588835486066535,1,,,,,,
small,300,37,0.3,0.3,0.09,0.3206432346949091,1,0.2651511520994852,1,0.38605920727689946,1,0.2870365771605054,1,,,,,,
small,300,38,0.3,0.3,0.09,0.27641321247420847,1,0.2423216306336126,1,0.30142546166064244,1,0.27811664476403014,1,,,,,,
small,300,39,0.3,0.3,0.09,0.2808464776597526,1,0.2815954593278224,1,0.38252482794117365,1,0.2698450677532743,1,,,,,,
small,300,40,0.3,0.3,0.09,0.22586699919753017,1,0.3208316190800142,1,0.28835262326936406,1,0.3408259971982406,1,,,,,,
small,300,41,0.3,0.3,0.09,0.23158544168929307,1,0.27484555232404034,1,0.2546407325549285,1,0.30260989276738687,1,,,,,,
small,300,42,0.3,0.3,0.09,0.16727700392801267,0,0.33640997227560826,1,0.2741053708089482,1,0.37569109424917424,1,,,,,,
small,300,43,0.3,0.3,0.09,0.22275859409308132,1,0.4243856400516477,0,0.3517001781064391,1,0.43234511286986915,0,,,,,,
small,300,44,0.3,0.3,0.09,0.28196125400160155,1,0.26846167634754814,1,0.38415546357242825,1,0.31793584570975586,1,,,,,,
small,300,45,0.3,0.3,0.09,0.1781862327444696,0,0.22690132921646747,1,0.2516707663338005,1,0.2897702813164387,1,,,,,,
small,300,46,0.3,0.3,0.09,0.24445637885178392,1,0.2689908112875754,1,0.36109071213098176,1,0.3798250919177417,1,,,,,,
small,300,47,0.3,0.3,0.09,0.2930915207666126,1,0.2361875781691691,1,0.38753013613736015,1,0.2903474233733827,1,,,,,,
small,300,48,0.3,0.3,0.09,0.28794458864707345,1,0.29868594415443445,1,0.33529657493579856,1,0.3186025820570075,1,,,,,,
small,300,49,0.3,0.3,0.09,0.27451065331911706,1,0.22875871245216622,1,0.31470694945141137,1,0.21886119540392673,1,,,,,,
medium,50,0,0.5,0.4,0.2,0.39727548573732424,1,0.3708395381634789,1,0.3788809010919448,1,0.34742110858534775,1,,,,,,
medium,50,1,0.5,0.4,0.2,0.168440255396778,1,0.3998172173908055,1,0.3632661922890234,1,0.63680387176509,1,,,,,,
medium,50,2,0.5,0.4,0.2,0.15770743584941013,0,0.2906046472989,1,0.35392524143027354,1,0.25821499734355163,1,,,,,,
medium,50,3,0.5,0.4,0.2,0.4862421721103227,1,0.607578886245156,1,0.4284485549564622,1,0.7129671024315536,1,,,,,,
medium,50,4,0.5,0.4,0.2,0.43768057038468144,1,0.36973324023206794,1,0.5057245014440631,1,0.53522216884179,1,,,,,,
medium,50,5,0.5,0.4,0.2,0.4810497680669352,1,0.3409010907460395,1,0.5614332276984857,1,0.22074082758946265,1,,,,,,
medium,50,6,0.5,0.4,0.2,0.4985730689646397,1,0.34827360782350575,1,0.7537277047274437,1,0.3258974377399118,1,,,,,,
medium,50,7,0.5,0.4,0.2,0.603839377812668,1,0.188048175706346,1,0.6565179318073282,1,0.3426063250274481,1,,,,,,
medium,50,8,0.5,0.4,0.2,0.2837648765826614,1,0.6364890230058136,1,0.3846614285255957,1,0.6880045431273726,0,,,,,,
medium,50,9,0.5,0.4,0.2,0.689844268904407,1,0.4982871067751645,1,0.4822338609825798,1,0.5279748450310234,1,,,,,,
medium,50,10,0.5,0.4,0.2,0.19159940458747055,0,0.059696967817227845,0,0.20706465926689943,0,0.2036857906604354,1,,,,,,
medium,50,11,0.5,0.4,0.2,0.379327070036363,1,0.3520115505108443,1,0.31784963852096415,1,0.41383427338520246,1,,,,,,
medium,50,12,0.5,0.4,0.2,0.5137588134594923,1,0.10470035533137947,1,0.4733376667501231,1,0.062199388532981306,1,,,,,,
medium,50,13,0.5,0.4,0.2,0.7592027473121408,1,0.31796224169673537,1,0.7300873541568755,1,0.5152979595633187,1,,,,,,
medium,50,14,0.5,0.4,0.2,0.5413625870109788,1,0.06716021359913672,0,0.5457159810664367,1,0.02014769323494856,0,,,,,,
medium,50,15,0.5,0.4,0.2,0.28780130664564935,1,0.3833440683232095,1,0.36172232918054226,1,0.3349750208835509,1,,,,,,
medium,50,16,0.5,0.4,0.2,0.29741150467258354,1,0.3644927176142089,1,0.5053115630636776,1,0.4076211050289526,1,,,,,,
medium,50,17,0.5,0.4,0.2,0.6998118025428747,1,0.499764928917917,1,0.5960071675548637,1,0.49899202531517056,1,,,,,,
medium,50,18,0.5,0.4,0.2,0.32901718962735793,1,0.5608691043858532,1,0.3099119685637655,1,0.5661395510866915,1,,,,,,
medium,50,19,0.5,0.4,0.2,0.3335962716367545,1,0.09532332566567063,0,0.6919636913667407,1,-0.04462300366942171,0,,,,,,
medium,50,20,0.5,0.4,0.2,0.29486441288404536,1,0.11106456446647882,0,0.5235149347088914,1,0.12091857132756757,1,,,,,,
medium,50,21,0.5,0.4,0.2,0.4156749452495223,1,0.24104092399324523,1,0.5964308053275805,1,0.29068065618579925,1,,,,,,
medium,50,22,0.5,0.4,0.2,0.45192797624957537,1,0.5138659332407202,1,0.4455497284201091,1,0.4603160219360854,1,,,,,,
medium,50,23,0.5,0.4,0.2,0.3301939757705025,1,0.29531337026510746,1,0.34617808391209115,1,0.30144923114732736,1,,,,,,
medium,50,24,0.5,0.4,0.2,0.4200001828880764,1,0.4368405676997175,1,0.6151595641274226,1,0.4000140625237539,1,,,,,,
medium,50,25,0.5,0.4,0.2,0.4506342316364252,1,0.33651229963726303,1,0.7993799902103617,1,0.25896730262393275,1,,,,,,
medium,50,26,0.5,0.4,0.2,0.3883760905523302,1,0.3969816287221633,1,0.6366534560404757,1,0.37105660095143606,1,,,,,,
medium,50,27,0.5,0.4,0.2,0.1794882953331971,0,0.29942219960630245,1,0.2412287792767629,0,0.4148917240920956,1,,,,,,
medium,50,28,0.5,0.4,0.2,0.36363243311230664,1,0.4100223960775745,1,0.4326224119967778,1,0.4320974239733287,1,,,,,,
medium,50,29,0.5,0.4,0.2,0.42023954283986237,1,0.48585742908022006,1,0.7444946076491015,1,0.5768352900334496,1,,,,,,
medium,50,30,0.5,0.4,0.2,0.3616852854242646,1,0.3321308146405966,1,0.7039222839915777,1,0.3166472015258656,1,,,,,,
medium,50,31,0.5,0.4,0.2,0.35058540274144107,1,0.1718972172781815,1,0.5404816377585528,1,0.03508882252779832,0,,,,,,
medium,50,32,0.5,0.4,0.2,-0.0886095229603868,0,0.48230587316920814,1,0.20336370505477303,0,0.5008232341645816,1,,,,,,
medium,50,33,0.5,0.4,0.2,0.5638035677448077,1,0.3514073662620839,1,0.6132986349468758,1,0.30276584887539854,1,,,,,,
medium,50,34,0.5,0.4,0.2,0.5610538174885166,1,0.36567277776203577,1,0.7670375880626017,1,0.3375543572612153,1,,,,,,
medium,50,35,0.5,0.4,0.2,0.32524409896672646,1,0.45109645925358244,1,0.4218011809886999,1,0.3888148051466957,1,,,,,,
medium,50,36,0.5,0.4,0.2,0.4112713142592588,1,0.24073930880224953,1,0.5455471759400856,1,0.22220713459669783,1,,,,,,
medium,50,37,0.5,0.4,0.2,0.5586507992394905,1,0.45169209210933103,1,0.5395848964385487,1,0.4314786770187557,1,,,,,,
medium,50,38,0.5,0.4,0.2,0.3805161600606585,1,0.4130391964779042,1,0.6545731502454204,1,0.4684456403683032,1,,,,,,
medium,50,39,0.5,0.4,0.2,0.3773944884549068,1,0.5221580410404303,1,0.592046501662327,1,0.5042114400030526,1,,,,,,
medium,50,40,0.5,0.4,0.2,0.3729351578220427,1,0.44653345693775714,1,0.31715241807451566,1,0.40653146342283797,1,,,,,,
medium,50,41,0.5,0.4,0.2,0.5488055031090592,1,0.5232309037627286,1,0.7094462080857091,1,0.43209872328015164,1,,,,,,
medium,50,42,0.5,0.4,0.2,0.6162677693182934,1,0.4437858176578727,1,0.7483552065401632,1,0.5900157416219411,1,,,,,,
medium,50,43,0.5,0.4,0.2,0.44648635199666875,1,0.5916564523823179,1,0.6371033599486027,1,0.5395330625261188,1,,,,,,
medium,50,44,0.5,0.4,0.2,0.14682375116008306,0,0.23009744848743785,1,0.3357658811191015,1,0.15480322582639724,1,,,,,,
medium,50,45,0.5,0.4,0.2,0.566200190959373,1,0.49316699864652846,1,0.7938534410529334,1,0.4465711249409401,1,,,,,,
medium,50,46,0.5,0.4,0.2,0.681278303331131,1,0.48374438052518137,1,0.6798631370451288,1,0.35895370788351444,1,,,,,,
medium,50,47,0.5,0.4,0.2,0.6039249502991814,1,0.12460262382561954,1,0.5748827374632411,1,0.20917011627189713,1,,,,,,
medium,50,48,0.5,0.4,0.2,0.3654918558934451,1,0.41791664978257614,1,0.4829010331590346,1,0.35041574738992315,1,,,,,,
medium,50,49,0.5,0.4,0.2,0.3191367849452317,1,0.3813225819318819,1,0.4604640064731583,1,0.4544282753694724,1,,,,,,
medium,86,0,0.5,0.4,0.2,0.27151846973367144,1,0.36175727199219204,1,0.4030292444945119,1,0.4325055140135583,1,,,,,,
medium,86,1,0.5,0.4,0.2,0.386721608273398,1,0.5589671811133776,1,0.599625506194255,1,0.47873210615665085,1,,,,,,
medium,86,2,0.5,0.4,0.2,0.37730269097435676,1,0.39511375245615515,1,0.5968446140607772,1,0.37672534250466283,1,,,,,,
medium,86,3,0.5,0.4,0.2,0.39598191863385296,1,0.49361710289392285,1,0.5552691600059855,1,0.5012445583347688,1,,,,,,
medium,86,4,0.5,0.4,0.2,0.28419157464061084,1,0.181357077863566,0,0.3661760225941598,1,0.2622941020727535,1,,,,,,
medium,86,5,0.5,0.4,0.2,0.37661814230369184,1,0.5035825163770479,1,0.4248518767477787,1,0.6582554072143834,0,,,,,,
medium,86,6,0.5,0.4,0.2,0.5360728163536724,1,0.3909588956543643,1,0.5992899901826296,1,0.38018619482260946,1,,,,,,
medium,86,7,0.5,0.4,0.2,0.2998460861111649,1,0.21124387057613528,1,0.41778276140989823,1,0.07937693506912007,0,,,,,,
medium,86,8,0.5,0.4,0.2,0.2422585845876486,0,0.5183275299504502,1,0.30492241609200393,1,0.5818838108023919,1,,,,,,
medium,86,9,0.5,0.4,0.2,0.5567249579912543,1,0.29804113095332707,1,0.5308989557063328,1,0.28617049476564604,1,,,,,,
medium,86,10,0.5,0.4,0.2,0.3443837528883524,1,0.3718358073594725,1,0.5247465440716015,1,0.3660900200548759,1,,,,,,
medium,86,11,0.5,0.4,0.2,0.24066761534233877,1,0.38535408579755914,1,0.4309550688282283,1,0.4068432269114494,1,,,,,,
medium,86,12,0.5,0.4,0.2,0.5638779591770879,1,0.192888383764125,1,0.6108155754316416,1,0.2503661252203526,1,,,,,,
medium,86,13,0.5,0.4,0.2,0.28908225476121135,1,0.3984419891537479,1,0.42550833533217625,1,0.45938160618221585,1,,,,,,
medium,86,14,0.5,0.4,0.2,0.35350356485806,1,0.3624984902659572,1,0.45486720140259834,1,0.3345782046330552,1,,,,,,
medium,86,15,0.5,0.4,0.2,0.4091477848255542,1,0.44404286497047935,1,0.5514883467134728,1,0.41549707341951553,1,,,,,,
medium,86,16,0.5,0.4,0.2,0.4992862795188936,1,0.4962911328415942,1,0.4815308070847182,1,0.40218768953844153,1,,,,,,
medium,86,17,0.5,0.4,0.2,0.3562672473901811,1,0.3593372724458104,1,0.5245858104504886,1,0.29208507724377886,1,,,,,,
medium,86,18,0.5,0.4,0.2,0.4130876870722133,1,0.3453723634395991,1,0.42468353637509143,1,0.40127744144939753,1,,,,,,
medium,86,19,0.5,0.4,0.2,0.4048753140029074,1,0.36446342524219016,1,0.48041765220793253,1,0.4954278007243646,1,,,,,,
medium,86,20,0.5,0.4,0.2,0.4248173339600949,1,0.5553481474464943,1,0.6235357013324606,1,0.5305387676656976,1,,,,,,
medium,86,21,0.5,0.4,0.2,0.2800500267982661,0,0.25784825098033526,1,0.38123132169936286,1,0.3143131644696404,1,,,,,,
medium,86,22,0.5,0.4,0.2,0.21113223302005818,0,0.265228927547773,1,0.32313315608378806,1,0.3493277770349907,1,,,,,,
medium,86,23,0.5,0.4,0.2,0.3583916495454692,1,0.399139406895567,1,0.5147472456875369,1,0.32560304886275665,1,,,,,,
medium,86,24,0.5,0.4,0.2,0.42030380721719385,1,0.39132308617489386,1,0.5062485496528213,1,0.40080171272341125,1,,,,,,
medium,86,25,0.5,0.4,0.2,0.4139616761967125,1,0.3104945578417579,1,0.4896430269682323,1,0.41918343477729847,1,,,,,,
medium,86,26,0.5,0.4,0.2,0.5653088608808169,1,0.3405878775306972,1,0.6701089153454987,1,0.48901437411727755,1,,,,,,
medium,86,27,0.5,0.4,0.2,0.24228613794456977,1,0.28105124597433284,1,0.37948418181044846,1,0.3421619381320041,1,,,,,,
medium,86,28,0.5,0.4,0.2,0.4351722523801257,1,0.3275447494923361,1,0.6402023193770803,1,0.41368010937391503,1,,,,,,
medium,86,29,0.5,0.4,0.2,0.5062514554608887,1,0.33806041656917163,1,0.4762203882378561,1,0.4043570806827166,1,,,,,,
medium,86,30,0.5,0.4,0.2,0.38612520539535217,1,0.36011623514565305,1,0.49260596811238866,1,0.3516209609312928,1,,,,,,
medium,86,31,0.5,0.4,0.2,0.2971372587357598,0,0.4065119039155525,1,0.4914900843440183,1,0.49551360052416604,1,,,,,,
medium,86,32,0.5,0.4,0.2,0.3363644755193116,1,0.28763034667642917,1,0.49971801436275576,1,0.41831371555378005,1,,,,,,
medium,86,33,0.5,0.4,0.2,0.5173001646241093,1,0.3486884760341119,1,0.5576061857253425,1,0.4140668365319205,1,,,,,,
medium,86,34,0.5,0.4,0.2,0.3221552200854331,1,0.4491385710863874,1,0.3745080547938137,1,0.4338296401636777,1,,,,,,
medium,86,35,0.5,0.4,0.2,0.3111519621371413,1,0.45867792554953596,1,0.3637201276463469,1,0.44997602737310877,1,,,,,,
medium,86,36,0.5,0.4,0.2,0.4712285389402136,1,0.40670919557462293,1,0.5263330775039047,1,0.3755380653211193,1,,,,,,
medium,86,37,0.5,0.4,0.2,0.2261493933842801,0,0.1688841223876759,1,0.4043238491423477,1,0.2123077172911674,1,,,,,,
medium,86,38,0.5,0.4,0.2,0.16032140305804884,0,0.3792127109728587,1,0.35552533076949483,1,0.42353690936321725,1,,,,,,
medium,86,39,0.5,0.4,0.2,0.5392177734382751,1,0.40257603837050715,1,0.5759884899088323,1,0.3528786136465897,1,,,,,,
medium,86,40,0.5,0.4,0.2,0.46743872403406206,1,0.5233842840640353,1,0.4853163653520771,1,0.42255770281602906,1,,,,,,
medium,86,41,0.5,0.4,0.2,0.4038716801165267,1,0.5801640922091423,1,0.5382538029701361,1,0.6082744117551168,0,,,,,,
medium,86,42,0.5,0.4,0.2,0.30918210913718847,1,0.3006419191811148,1,0.5590799451449935,1,0.33273136101978334,1,,,,,,
medium,86,43,0.5,0.4,0.2,0.1761330753249238,0,0.480570972569535,1,0.32370641552275103,1,0.46893238821738303,1,,,,,,
medium,86,44,0.5,0.4,0.2,0.5379677232367778,1,0.4546025820254037,1,0.5687580472178072,1,0.508127791957725,1,,,,,,
medium,86,45,0.5,0.4,0.2,0.2148161778655455,0,0.3855001124972628,1,0.368168195609657,1,0.2893736746956743,1,,,,,,
medium,86,46,0.5,0.4,0.2,0.31528143683761045,1,0.22098863116522452,1,0.5650248347013566,1,0.29606514680806434,1,,,,,,
medium,86,47,0.5,0.4,0.2,0.3552722849416427,1,0.4229554381742857,1,0.3968335953336563,1,0.5224287407226726,1,,,,,,
medium,86,48,0.5,0.4,0.2,0.4274930477122244,1,0.3318667997745372,1,0.5026411539486196,1,0.30314090454326953,1,,,,,,
medium,86,49,0.5,0.4,0.2,0.29692978705208295,1,0.39099915909538446,1,0.41277884244975804,1,0.35504577378645524,1,,,,,,
medium,100,0,0.5,0.4,0.2,0.3220175478892003,1,0.2573779438031719,1,0.4226772863179652,1,0.31804036508737926,1,,,,,,
medium,100,1,0.5,0.4,0.2,0.47313496896257357,1,0.44760480051661977,1,0.517621982757225,1,0.2803478917640847,1,,,,,,
medium,100,2,0.5,0.4,0.2,0.4709753645014132,1,0.5178893945220328,1,0.49973159147253254,1,0.4441705639233283,1,,,,,,
medium,100,3,0.5,0.4,0.2,0.47686529448287623,1,0.5490093501000674,1,0.5338862240204498,1,0.45561292214280213,1,,,,,,
medium,100,4,0.5,0.4,0.2,0.3942856061730582,1,0.4430951812300141,1,0.4423252190966549,1,0.46303073448838855,1,,,,,,
medium,100,5,0.5,0.4,0.2,0.4336551280051923,1,0.472458596408595,1,0.530390497316676,1,0.49588808470636664,1,,,,,,
medium,100,6,0.5,0.4,0.2,0.4133630924961146,1,0.23096345376075123,1,0.5153299637237369,1,0.24949443235654567,1,,,,,,
medium,100,7,0.5,0.4,0.2,0.22663119364557566,0,0.21899794770052666,1,0.31149958794324295,1,0.23151076858253966,1,,,,,,
medium,100,8,0.5,0.4,0.2,0.4595108635289993,1,0.30769741487190727,1,0.5978836317918153,1,0.41613063721840093,1,,,,,,
medium,100,9,0.5,0.4,0.2,0.5821128156445669,1,0.4245251339657152,1,0.59552663746854,1,0.3564758518618617,1,,,,,,
medium,100,10,0.5,0.4,0.2,0.4511284780428132,1,0.4318868136042445,1,0.5080844483972565,1,0.5658630470383792,1,,,,,,
medium,100,11,0.5,0.4,0.2,0.39578755338115196,1,0.4408604433070848,1,0.41926929920428513,1,0.41580511936815345,1,,,,,,
medium,100,12,0.5,0.4,0.2,0.3530327473862856,1,0.38338384349700777,1,0.3793093729321717,1,0.33182132292860994,1,,,,,,
medium,100,13,0.5,0.4,0.2,0.5038401293134174,1,0.27613321388987017,1,0.5202242173432909,1,0.3615147936102471,1,,,,,,
medium,100,14,0.5,0.4,0.2,0.46610219615479737,1,0.3578669556981979,1,0.4938566173200607,1,0.42005686601991515,1,,,,,,
medium,100,15,0.5,0.4,0.2,0.3738704776441874,1,0.303742170328697,1,0.3899292943526288,1,0.3615147219191305,1,,,,,,
medium,100,16,0.5,0.4,0.2,0.4830415485628452,1,0.2775431286339689,1,0.6168331389357351,1,0.48803295879595804,1,,,,,,
medium,100,17,0.5,0.4,0.2,0.39035247822962554,1,0.5397784415413385,1,0.5004541130709823,1,0.466391709187178,1,,,,,,
medium,100,18,0.5,0.4,0.2,0.4124789646084389,1,0.47268173941572034,1,0.5255480994351139,1,0.5582651413707883,1,,,,,,
medium,100,19,0.5,0.4,0.2,0.32856051322388713,1,0.28797805427559736,1,0.3315580446733184,1,0.3129841051970904,1,,,,,,
medium,100,20,0.5,0.4,0.2,0.45461258915377456,1,0.4360853300975197,1,0.5500926959290792,1,0.3603050917528584,1,,,,,,
medium,100,21,0.5,0.4,0.2,0.3688073394495413,1,0.3859321100455476,1,0.6134589342772825,1,0.38008893438424984,1,,,,,,
medium,100,22,0.5,0.4,0.2,0.35054564515713765,1,0.19275947429521767,0,0.3533323456126407,1,0.23493667165557408,1,,,,,,
medium,100,23,0.5,0.4,0.2,0.32013526291484706,1,0.5340490014083543,1,0.5377479108311655,1,0.5459619653586184,1,,,,,,
medium,100,24,0.5,0.4,0.2,0.3603989560756884,1,0.42785729799000743,1,0.49448910670827917,1,0.31379586584053637,1,,,,,,
medium,100,25,0.5,0.4,0.2,0.1627442895446298,0,0.41960480287411556,1,0.3938070999188409,1,0.42344281436649256,1,,,,,,
medium,100,26,0.5,0.4,0.2,0.5305337708066573,1,0.24933222637201555,1,0.6040225025684384,1,0.31576814445376955,1,,,,,,
medium,100,27,0.5,0.4,0.2,0.4249004198838373,1,0.45482022969267855,1,0.5184056851029689,1,0.45932611797697087,1,,,,,,
medium,100,28,0.5,0.4,0.2,0.48767463998987515,1,0.45809523195165475,1,0.5227911252089821,1,0.44047206077342993,1,,,,,,
medium,100,29,0.5,0.4,0.2,0.2471535612742603,0,0.35627223150209597,1,0.4317784278453418,1,0.3976951196693373,1,,,,,,
medium,100,30,0.5,0.4,0.2,0.4570668793558005,1,0.49706017554723864,1,0.47149595132383604,1,0.4613151208971993,1,,,,,,
medium,100,31,0.5,0.4,0.2,0.29194409066726873,1,0.3766683086917569,1,0.27508106934582877,0,0.49650781809849615,1,,,,,,
medium,100,32,0.5,0.4,0.2,0.19911503115149512,0,0.11842872705253363,0,0.30282600660382974,1,0.18325270639309205,0,,,,,,
medium,100,33,0.5,0.4,0.2,0.5020428211006621,1,0.22281621442879226,1,0.6739882668731395,1,0.25541948589076585,1,,,,,,
medium,100,34,0.5,0.4,0.2,0.4350134275978854,1,0.6435432784746303,0,0.5938317208555546,1,0.6437815912319111,0,,,,,,
medium,100,35,0.5,0.4,0.2,0.4119307665096286,1,0.3369785117152953,1,0.4110447770916683,1,0.2964044558329457,1,,,,,,
medium,100,36,0.5,0.4,0.2,0.3517347097174791,1,0.4234746534541575,1,0.4688713771850095,1,0.3755902232540969,1,,,,,,
medium,100,37,0.5,0.4,0.2,0.33964945383787587,1,0.33661444774985466,1,0.4368373168224088,1,0.39431639767733884,1,,,,,,
medium,100,38,0.5,0.4,0.2,0.12924956916810307,0,0.45932278093927686,1,0.30846949364683784,1,0.45034318169837034,1,,,,,,
medium,100,39,0.5,0.4,0.2,0.3517845292447393,1,0.33197062464537935,1,0.40355456123020916,1,0.36967311827304117,1,,,,,,
medium,100,40,0.5,0.4,0.2,0.26271187935935747,0,0.2410133317945276,1,0.501637794327276,1,0.24797365423108014,1,,,,,,
medium,100,41,0.5,0.4,0.2,0.3150244798041621,1,0.43341690087435336,1,0.5026249562166141,1,0.4836402870226464,1,,,,,,
medium,100,42,0.5,0.4,0.2,0.16255825507608923,0,0.5720712463387433,1,0.4295933197558977,1,0.5911786471892098,1,,,,,,
medium,100,43,0.5,0.4,0.2,0.22036045791761466,0,0.3466191352421325,1,0.34943619943632903,1,0.460010184214619,1,,,,,,
medium,100,44,0.5,0.4,0.2,0.42901078182996505,1,0.5302143068086171,1,0.6381095874344159,1,0.4962997966167776,1,,,,,,
medium,100,45,0.5,0.4,0.2,0.2853820133446264,0,0.4166380285055601,1,0.43033264660613835,1,0.45034835874697376,1,,,,,,
medium,100,46,0.5,0.4,0.2,0.26794925970515726,0,0.4560442025023511,1,0.390572386205039,1,0.5217690227723981,1,,,,,,
medium,100,47,0.5,0.4,0.2,0.5333307836463075,1,0.37659484157986917,1,0.5717061260832811,1,0.2943893605569863,1,,,,,,
medium,100,48,0.5,0.4,0.2,0.4103314269179575,1,0.5257907922856451,1,0.5147936073919175,1,0.5622226157695147,1,,,,,,
medium,100,49,0.5,0.4,0.2,0.34455258998990285,1,0.3703889164831246,1,0.3362801184835685,1,0.2914612543515327,1,,,,,,
medium,150,0,0.5,0.4,0.2,0.4614747475145712,1,0.5208287948458239,1,0.6679559587179968,0,0.4215747459511436,1,,,,,,
medium,150,1,0.5,0.4,0.2,0.3589361367771878,1,0.3565545912879438,1,0.4957371991397611,1,0.46752357434956904,1,,,,,,
medium,150,2,0.5,0.4,0.2,0.555386178549075,1,0.3547415869777435,1,0.6364533583080856,1,0.302210592731662,1,,,,,,
medium,150,3,0.5,0.4,0.2,0.38936991042737396,1,0.2850853989188879,1,0.6355070025583229,1,0.24347123752683578,1,,,,,,
medium,150,4,0.5,0.4,0.2,0.38475743766544807,1,0.5948583053070154,0,0.43199397990436844,1,0.5247893378643068,1,,,,,,
medium,150,5,0.5,0.4,0.2,0.2753499408484688,0,0.45352340740940844,1,0.3969689361177121,1,0.5076524394900656,1,,,,,,
medium,150,6,0.5,0.4,0.2,0.3262832588103561,1,0.3662320561772785,1,0.4916172076871898,1,0.4116823953243475,1,,,,,,
medium,150,7,0.5,0.4,0.2,0.346158788906881,1,0.23824318391038132,1,0.4440163631681335,1,0.2281745639333012,1,,,,,,
medium,150,8,0.5,0.4,0.2,0.5286513305498343,1,0.3685904843850635,1,0.4955368412153147,1,0.39434391943282937,1,,,,,,
medium,150,9,0.5,0.4,0.2,0.4657407522605286,1,0.3875465406610111,1,0.4916643746467162,1,0.3783225158664663,1,,,,,,
medium,150,10,0.5,0.4,0.2,0.43699416054958523,1,0.3649057633855841,1,0.597265172319046,1,0.29574371831279095,1,,,,,,
medium,150,11,0.5,0.4,0.2,0.45337818539557556,1,0.5697558037418196,1,0.5473294777262595,1,0.552375711182839,1,,,,,,
medium,150,12,0.5,0.4,0.2,0.4352028864250213,1,0.4630780484167795,1,0.46333751838438264,1,0.4606854387115855,1,,,,,,
medium,150,13,0.5,0.4,0.2,0.40224002284515525,1,0.32742273354429946,1,0.44935361327535384,1,0.3778856701805396,1,,,,,,
medium,150,14,0.5,0.4,0.2,0.47046840447631216,1,0.4427526808036775,1,0.607046728428247,1,0.4533762045863204,1,,,,,,
medium,150,15,0.5,0.4,0.2,0.2854112039661714,0,0.4239408733303025,1,0.4326574021477932,1,0.3559812347453158,1,,,,,,
medium,150,16,0.5,0.4,0.2,0.4273244785672094,1,0.4497372041484991,1,0.5997702426837105,1,0.48838521810027036,1,,,,,,
medium,150,17,0.5,0.4,0.2,0.35769567629622107,1,0.2549462647571692,1,0.3604572233898462,1,0.2436555525010331,1,,,,,,
medium,150,18,0.5,0.4,0.2,0.3830763159870104,1,0.45777839477074633,1,0.47745933760164283,1,0.4740135766995047,1,,,,,,
medium,150,19,0.5,0.4,0.2,0.43337695463411324,1,0.5264767999265512,1,0.5011402340655577,1,0.48501610529801387,1,,,,,,
medium,150,20,0.5,0.4,0.2,0.2807679746920733,0,0.4222808125776659,1,0.3859655383653803,1,0.35556587113186366,1,,,,,,
medium,150,21,0.5,0.4,0.2,0.33063837668303675,1,0.4438931700923279,1,0.44739001743861107,1,0.4111571881719467,1,,,,,,
medium,150,22,0.5,0.4,0.2,0.3693485725377595,1,0.4896880503235135,1,0.4460529571037728,1,0.54477639683084,1,,,,,,
medium,150,23,0.5,0.4,0.2,0.39333537908440575,1,0.3216296339055586,1,0.420961811939401,1,0.35115257249093546,1,,,,,,
medium,150,24,0.5,0.4,0.2,0.34421566574391715,1,0.38478633924617944,1,0.4281643771050146,1,0.48151332071757036,1,,,,,,
medium,150,25,0.5,0.4,0.2,0.483556527779583,1,0.2630088179337269,1,0.49772375171605404,1,0.31010285352307465,1,,,,,,
medium,150,26,0.5,0.4,0.2,0.44491036821651553,1,0.4761047962403249,1,0.5522530816666597,1,0.5179108849146139,1,,,,,,
medium,150,27,0.5,0.4,0.2,0.5521718654579554,1,0.3375723631689065,1,0.6143401751581311,1,0.39551293985476316,1,,,,,,
medium,150,28,0.5,0.4,0.2,0.3632154022348088,1,0.34936607939915076,1,0.4626275059166745,1,0.3580218955407515,1,,,,,,
medium,150,29,0.5,0.4,0.2,0.12351673273616282,0,0.3853605109399563,1,0.23544200592757503,0,0.46775490073797593,1,,,,,,
medium,150,30,0.5,0.4,0.2,0.30163835694522556,0,0.3178360360471894,1,0.4538700231341354,1,0.297591452126611,1,,,,,,
medium,150,31,0.5,0.4,0.2,0.47643573608607614,1,0.27196855291274286,1,0.5084525466919906,1,0.33662938317798274,1,,,,,,
medium,150,32,0.5,0.4,0.2,0.3510095034099058,1,0.5647937278819133,0,0.4140949944441411,1,0.5087595720498533,1,,,,,,
medium,150,33,0.5,0.4,0.2,0.34549649110381075,1,0.40194769671210895,1,0.4885446349122275,1,0.398278315028349,1,,,,,,
medium,150,34,0.5,0.4,0.2,0.2828926695923473,0,0.44479529141603924,1,0.44859165489823655,1,0.42641106779487836,1,,,,,,
medium,150,35,0.5,0.4,0.2,0.439201483536044,1,0.35394119076660413,1,0.5637772069215268,1,0.4461853213871009,1,,,,,,
medium,150,36,0.5,0.4,0.2,0.516148798500125,1,0.3418106130103553,1,0.6414271535647721,1,0.2839531038667403,1,,,,,,
medium,150,37,0.5,0.4,0.2,0.44249037829375304,1,0.15137647026939036,0,0.5255035116264832,1,0.16869422958093072,0,,,,,,
medium,150,38,0.5,0.4,0.2,0.41168393673711134,1,0.3611400320437509,1,0.5081807134381875,1,0.37340319182974124,1,,,,,,
medium,150,39,0.5,0.4,0.2,0.36394307330117515,1,0.24805845128505488,0,0.5180949481882308,1,0.22052046791325583,0,,,,,,
medium,150,40,0.5,0.4,0.2,0.4443324328133299,1,0.33647852295791375,1,0.6947195282206459,0,0.28909578914258866,1,,,,,,
medium,150,41,0.5,0.4,0.2,0.4046310849490854,1,0.4317258669807873,1,0.47961642428443874,1,0.44648038139252083,1,,,,,,
medium,150,42,0.5,0.4,0.2,0.353161203490921,1,0.3959543328631516,1,0.37234150042895775,1,0.5099628950438534,1,,,,,,
medium,150,43,0.5,0.4,0.2,0.43554531546363157,1,0.27190582098524185,1,0.48752712775515095,1,0.26036996125842937,1,,,,,,
medium,150,44,0.5,0.4,0.2,0.48493295354589305,1,0.2190955926060256,0,0.5926486705918118,1,0.29005659460597344,1,,,,,,
medium,150,45,0.5,0.4,0.2,0.3687511537991372,1,0.22625756747525005,1,0.5165823188915915,1,0.22488204726174882,1,,,,,,
medium,150,46,0.5,0.4,0.2,0.4238511792483814,1,0.2111082752025412,0,0.4769128617586474,1,0.24989765436109382,1,,,,,,
medium,150,47,0.5,0.4,0.2,0.592470171951748,1,0.3067072343963127,1,0.6479245639004747,1,0.34270702261012614,1,,,,,,
medium,150,48,0.5,0.4,0.2,0.3245210457242277,0,0.31602398510940727,1,0.39594902836047385,1,0.3975176280140261,1,,,,,,
medium,150,49,0.5,0.4,0.2,0.34198415107756963,1,0.2638386493517398,1,0.4850601351123813,1,0.3574824684109282,1,,,,,,
medium,200,0,0.5,0.4,0.2,0.4923891449146466,1,0.4414981841377161,1,0.515038652554259,1,0.4600162313993363,1,,,,,,
medium,200,1,0.5,0.4,0.2,0.26381471946567797,0,0.4475854122134779,1,0.3598515267467056,0,0.5075514626481582,1,,,,,,
medium,200,2,0.5,0.4,0.2,0.46769699450349905,1,0.34231450397183605,1,0.520896761084395,1,0.41283490495463565,1,,,,,,
medium,200,3,0.5,0.4,0.2,0.40318330543555886,1,0.5010302099470131,1,0.5797150569062463,1,0.4578017573936159,1,,,,,,
medium,200,4,0.5,0.4,0.2,0.37981199946401956,1,0.4142113737550646,1,0.49233685615881884,1,0.45320039323155237,1,,,,,,
medium,200,5,0.5,0.4,0.2,0.38746472456594844,1,0.3508196588524763,1,0.511080238232011,1,0.3861219157003232,1,,,,,,
medium,200,6,0.5,0.4,0.2,0.4377561563817837,1,0.275307814102045,1,0.45412301430368773,1,0.34332114281668924,1,,,,,,
medium,200,7,0.5,0.4,0.2,0.2971041676318824,0,0.4658229621988885,1,0.4133567943148849,1,0.4936974592071482,1,,,,,,
medium,200,8,0.5,0.4,0.2,0.4129723537223188,1,0.49504926859035026,1,0.47086196440909833,1,0.4655254407307074,1,,,,,,
medium,200,9,0.5,0.4,0.2,0.3576119652881384,1,0.3220308413969548,1,0.45364801111253444,1,0.3967609058616196,1,,,,,,
medium,200,10,0.5,0.4,0.2,0.36485915731237745,1,0.451150949793459,1,0.5337926871844484,1,0.3809839745659443,1,,,,,,
medium,200,11,0.5,0.4,0.2,0.4520368678816643,1,0.43122204261161573,1,0.557961189333422,1,0.3956446142862939,1,,,,,,
medium,200,12,0.5,0.4,0.2,0.31601887390345373,0,0.3390580583923939,1,0.4325055218325307,1,0.2360553403375835,1,,,,,,
medium,200,13,0.5,0.4,0.2,0.5141003104773842,1,0.21313719297825376,0,0.5850462053401287,1,0.23181862423046964,0,,,,,,
medium,200,14,0.5,0.4,0.2,0.5268835280763706,1,0.33555047632598356,1,0.6181230423024524,1,0.37909088524827944,1,,,,,,
medium,200,15,0.5,0.4,0.2,0.39270066813123783,1,0.4241822970177571,1,0.5158029050299798,1,0.4707000553967029,1,,,,,,
medium,200,16,0.5,0.4,0.2,0.2814302240137527,0,0.3251714642687268,1,0.44989830385122054,1,0.32422152283284933,1,,,,,,
medium,200,17,0.5,0.4,0.2,0.339864179488207,0,0.424814288506315,1,0.4992419197067823,1,0.4762477712651158,1,,,,,,
medium,200,18,0.5,0.4,0.2,0.41837544544839816,1,0.3332305983601328,1,0.5105327296573448,1,0.3996845442295875,1,,,,,,
medium,200,19,0.5,0.4,0.2,0.33088646471202954,0,0.30344972830710837,1,0.4043863997072576,1,0.38842452107085945,1,,,,,,
medium,200,20,0.5,0.4,0.2,0.46094361688142077,1,0.4570218073282016,1,0.5010370524880973,1,0.48880320436741403,1,,,,,,
medium,200,21,0.5,0.4,0.2,0.39177258929545394,1,0.2834632773627843,1,0.45908264030631185,1,0.3831095779556785,1,,,,,,
medium,200,22,0.5,0.4,0.2,0.46071037510797697,1,0.397810930026964,1,0.5799699260786905,1,0.4384813429053521,1,,,,,,
medium,200,23,0.5,0.4,0.2,0.23817050916287516,0,0.48573977071315166,1,0.39236446607558634,1,0.48206948129453836,1,,,,,,
medium,200,24,0.5,0.4,0.2,0.370471257485155,1,0.39886947131413913,1,0.4532152071794831,1,0.41414819000089637,1,,,,,,
medium,200,25,0.5,0.4,0.2,0.44099937813045015,1,0.32237647782431567,1,0.48953359342771785,1,0.3695782890087688,1,,,,,,
medium,200,26,0.5,0.4,0.2,0.3883031372560516,1,0.3959446030822358,1,0.38603984814856585,1,0.4199482251453915,1,,,,,,
medium,200,27,0.5,0.4,0.2,0.4142085037409159,1,0.3750294685076224,1,0.5323471819529193,1,0.4200691814403502,1,,,,,,
medium,200,28,0.5,0.4,0.2,0.312589255709901,0,0.35271985974624165,1,0.41243867931785516,1,0.3727401370824615,1,,,,,,
medium,200,29,0.5,0.4,0.2,0.4553275663460973,1,0.3611852652222427,1,0.5140363278794701,1,0.3960112344435337,1,,,,,,
medium,200,30,0.5,0.4,0.2,0.6082330606147743,1,0.47580817157504945,1,0.5354252428810315,1,0.5424560662641894,0,,,,,,
medium,200,31,0.5,0.4,0.2,0.4074694551716783,1,0.34153124920954886,1,0.5433867728443342,1,0.4473976632255299,1,,,,,,
medium,200,32,0.5,0.4,0.2,0.4620788734356233,1,0.2554317450021278,0,0.5391017780069094,1,0.24303965080163117,0,,,,,,
medium,200,33,0.5,0.4,0.2,0.2907176847789654,0,0.3899349061178338,1,0.4426817313309684,1,0.36206175197408375,1,,,,,,
medium,200,34,0.5,0.4,0.2,0.3935935684784928,1,0.4175053498588305,1,0.5055535092886122,1,0.42830632369062266,1,,,,,,
medium,200,35,0.5,0.4,0.2,0.5797597485877232,1,0.3901601309828816,1,0.6458670217354209,0,0.44442709023371474,1,,,,,,
medium,200,36,0.5,0.4,0.2,0.4084100667127983,1,0.5039244152355573,1,0.5124096554443885,1,0.48859456696272185,1,,,,,,
medium,200,37,0.5,0.4,0.2,0.481626739981892,1,0.39003915854987836,1,0.5326757226818687,1,0.36792071343514177,1,,,,,,
medium,200,38,0.5,0.4,0.2,0.34223921139136154,0,0.4104138967421802,1,0.50583749542599,1,0.3973494262283948,1,,,,,,
medium,200,39,0.5,0.4,0.2,0.33566804765065955,0,0.2301785725917323,0,0.3498026326598604,0,0.324286048119854,1,,,,,,
medium,200,40,0.5,0.4,0.2,0.3050545753030642,0,0.4427003186271982,1,0.38010350535322807,1,0.442900539252367,1,,,,,,
medium,200,41,0.5,0.4,0.2,0.24177822207308602,0,0.42563409762631116,1,0.4217454808305672,1,0.37812597906337775,1,,,,,,
medium,200,42,0.5,0.4,0.2,0.45839267423888486,1,0.41575093044808775,1,0.6326814630177859,1,0.4690088424762243,1,,,,,,
medium,200,43,0.5,0.4,0.2,0.23006500010065417,0,0.45860703011575676,1,0.3425034549360478,0,0.4494694802987132,1,,,,,,
medium,200,44,0.5,0.4,0.2,0.37575582822099807,1,0.4044940194845861,1,0.4839397130054851,1,0.4778462985353549,1,,,,,,
medium,200,45,0.5,0.4,0.2,0.31603674007278204,0,0.35856774615426107,1,0.4140141804680789,1,0.37631025810150687,1,,,,,,
medium,200,46,0.5,0.4,0.2,0.282483366242288,0,0.38895009443272927,1,0.41273458445686484,1,0.4204778694774376,1,,,,,,
medium,200,47,0.5,0.4,0.2,0.2599114083377256,0,0.4186372356975514,1,0.3993037658155404,1,0.46004811741503965,1,,,,,,
medium,200,48,0.5,0.4,0.2,0.32239080572816214,0,0.328384162810686,1,0.4326861203645715,1,0.33998510806574667,1,,,,,,
medium,200,49,0.5,0.4,0.2,0.496862595887518,1,0.4747906189242525,1,0.5306563855305626,1,0.3999381632427043,1,,,,,,
medium,300,0,0.5,0.4,0.2,0.3755803367175409,1,0.27617500195024197,0,0.5314072766965917,1,0.3517427897813657,1,,,,,,
medium,300,1,0.5,0.4,0.2,0.3428631973967125,0,0.4737995388203149,1,0.4973227171889475,1,0.49601343729487685,1,,,,,,
medium,300,2,0.5,0.4,0.2,0.3101546364472125,0,0.428291945096205,1,0.5033664277885206,1,0.4509142397298343,1,,,,,,
medium,300,3,0.5,0.4,0.2,0.41662538685648043,1,0.3672986264096526,1,0.5862847054928597,1,0.4009121776634432,1,,,,,,
medium,300,4,0.5,0.4,0.2,0.4442330911552697,1,0.3290675715970375,1,0.5225322005083929,1,0.3659770874810613,1,,,,,,
medium,300,5,0.5,0.4,0.2,0.3441934987897218,0,0.44213402588226386,1,0.40804448572634944,1,0.45955994530148064,1,,,,,,
medium,300,6,0.5,0.4,0.2,0.4031179027702946,1,0.29214712000900017,1,0.4946469299448103,1,0.36283917260419807,1,,,,,,
medium,300,7,0.5,0.4,0.2,0.46667902216883644,1,0.3886520060225425,1,0.5798147192244996,1,0.44031160802861186,1,,,,,,
medium,300,8,0.5,0.4,0.2,0.29942566465336595,0,0.47672002215455367,1,0.4527572172202344,1,0.43550876418971746,1,,,,,,
medium,300,9,0.5,0.4,0.2,0.4577753304261309,1,0.34862368151409207,1,0.606908106248577,1,0.338672942191322,1,,,,,,
medium,300,10,0.5,0.4,0.2,0.48202282226002735,1,0.32880308974042455,1,0.5282512546305519,1,0.41174887541387367,1,,,,,,
medium,300,11,0.5,0.4,0.2,0.4660430212866276,1,0.48005854340217885,1,0.5931790235602438,1,0.5138059925993063,0,,,,,,
medium,300,12,0.5,0.4,0.2,0.3547043093961178,0,0.29660513531519583,1,0.4127946402687389,1,0.31291461250290714,1,,,,,,
medium,300,13,0.5,0.4,0.2,0.4905773405500735,1,0.3068775559865018,1,0.5541039877983547,1,0.36071804016380093,1,,,,,,
medium,300,14,0.5,0.4,0.2,0.3920949305803236,1,0.4357872618820816,1,0.49661630897468845,1,0.4711919053887599,1,,,,,,
medium,300,15,0.5,0.4,0.2,0.4221098158315832,1,0.3660400273299571,1,0.5726595770164198,1,0.42160591267582326,1,,,,,,
medium,300,16,0.5,0.4,0.2,0.45061337085650865,1,0.4225391361092818,1,0.5128075667528208,1,0.46220530883197264,1,,,,,,
medium,300,17,0.5,0.4,0.2,0.4118590863084206,1,0.48064623629936665,1,0.5429302398390515,1,0.481166711577545,1,,,,,,
medium,300,18,0.5,0.4,0.2,0.3869192256809885,1,0.2515475493360051,0,0.43616972917561264,1,0.27780027169716043,0,,,,,,
medium,300,19,0.5,0.4,0.2,0.39273530430843995,1,0.3598523512881901,1,0.48168166444808086,1,0.35621996702102965,1,,,,,,
medium,300,20,0.5,0.4,0.2,0.3620462935680829,0,0.3280400435201214,1,0.44710366136437985,1,0.3434631755423189,1,,,,,,
medium,300,21,0.5,0.4,0.2,0.46084160953419007,1,0.4157450581252757,1,0.571828054778431,1,0.49616562238209627,1,,,,,,
medium,300,22,0.5,0.4,0.2,0.3567810489786404,0,0.3772183373806402,1,0.475728535362095,1,0.39568223033928174,1,,,,,,
medium,300,23,0.5,0.4,0.2,0.41105913724832077,1,0.47137059810420756,1,0.5500018675521059,1,0.4236957468740482,1,,,,,,
medium,300,24,0.5,0.4,0.2,0.49443826261796964,1,0.2861768711954828,1,0.615543980474501,0,0.3449458377006426,1,,,,,,
medium,300,25,0.5,0.4,0.2,0.40317204719320404,1,0.34870957666026975,1,0.43596324157025185,1,0.4055703641853676,1,,,,,,
medium,300,26,0.5,0.4,0.2,0.49081406958796026,1,0.33554932786181174,1,0.555172193506921,1,0.39682204488094136,1,,,,,,
medium,300,27,0.5,0.4,0.2,0.43403930144316644,1,0.37372578399091233,1,0.5207519111241983,1,0.42034505788577897,1,,,,,,
medium,300,28,0.5,0.4,0.2,0.3898303563644556,1,0.4837670406041977,1,0.5857156787261637,1,0.5210868041898805,0,,,,,,
medium,300,29,0.5,0.4,0.2,0.4730430030814062,1,0.3300671205404031,1,0.468243797341826,1,0.3948362026779385,1,,,,,,
medium,300,30,0.5,0.4,0.2,0.38348634559592,0,0.3172535165049509,1,0.5188795610279363,1,0.38136170876825426,1,,,,,,
medium,300,31,0.5,0.4,0.2,0.2993547750337662,0,0.3285201142369159,1,0.46928796213396745,1,0.3385489634399391,1,,,,,,
medium,300,32,0.5,0.4,0.2,0.42536155897589584,1,0.31678453326052475,1,0.5025586173432761,1,0.3763201360268972,1,,,,,,
medium,300,33,0.5,0.4,0.2,0.4940726959695703,1,0.34680639663291635,1,0.48763581821251006,1,0.40175340061442066,1,,,,,,
medium,300,34,0.5,0.4,0.2,0.3559799166871981,0,0.27469125849494164,0,0.507382757534971,1,0.24908630155104725,0,,,,,,
medium,300,35,0.5,0.4,0.2,0.4148193967652341,1,0.39057920571086,1,0.4655640923892468,1,0.3806747289525579,1,,,,,,
medium,300,36,0.5,0.4,0.2,0.3443358417697074,0,0.4360991535023973,1,0.4534437193265731,1,0.4658201301641802,1,,,,,,
medium,300,37,0.5,0.4,0.2,0.47524377768838794,1,0.42083131269665247,1,0.5842924537674327,1,0.42636237129222554,1,,,,,,
medium,300,38,0.5,0.4,0.2,0.4679188232146905,1,0.32910251210549446,1,0.5065972015421089,1,0.40896816997099056,1,,,,,,
medium,300,39,0.5,0.4,0.2,0.3539208774246894,0,0.40291708466912096,1,0.501125386670265,1,0.4119605084853584,1,,,,,,
medium,300,40,0.5,0.4,0.2,0.345602201584903,0,0.45362825261323164,1,0.4535139412457586,1,0.4653121435360576,1,,,,,,
medium,300,41,0.5,0.4,0.2,0.3129725248010245,0,0.4915307127869102,1,0.5171425149098801,1,0.501399967264316,1,,,,,,
medium,300,42,0.5,0.4,0.2,0.4709468989366629,1,0.34541392159969175,1,0.49174266455062365,1,0.4213918076140957,1,,,,,,
medium,300,43,0.5,0.4,0.2,0.3320523796258255,0,0.5125300743341731,0,0.489179857421183,1,0.5250010223262785,0,,,,,,
medium,300,44,0.5,0.4,0.2,0.387404380689827,1,0.3171533609906662,1,0.5174754864169823,1,0.36818558455260847,1,,,,,,
medium,300,45,0.5,0.4,0.2,0.37837356100477093,0,0.3764084590115272,1,0.44656940237743953,1,0.43355303091059216,1,,,,,,
medium,300,46,0.5,0.4,0.2,0.37070781544517856,0,0.31832853168649106,1,0.4738357163046308,1,0.30968851695413135,1,,,,,,
medium,300,47,0.5,0.4,0.2,0.49112642263602324,1,0.41278732869263196,1,0.5802869639312906,1,0.4379252412252331,1,,,,,,
medium,300,48,0.5,0.4,0.2,0.423240338399658,1,0.3751672845450652,1,0.47193313472774323,1,0.4418228737362146,1,,,,,,
medium,300,49,0.5,0.4,0.2,0.42498924212173195,1,0.3516670287915125,1,0.5379275071258209,1,0.397595233714218,1,,,,,,
